<?xml version="1.0" encoding="UTF-8"?>
<metadata xml:lang="en"><Esri><CreaDate>20210228</CreaDate><CreaTime>11513400</CreaTime><ArcGISFormat>1.0</ArcGISFormat><SyncOnce>TRUE</SyncOnce><DataProperties><lineage><Process ToolSource="c:\program files\arcgis\pro\Resources\ArcToolbox\Toolboxes\Data Management Tools.tbx\Rename" Date="20210228" Time="115134">Rename C:\Users\pjbitterman\Dropbox\GEOG432\week06\County_Boundaries-_Census.shp C:\Users\pjbitterman\Dropbox\GEOG432\week06\nebraska_counties_census.shp ShapeFile</Process><Process ToolSource="c:\program files\arcgis\pro\Resources\ArcToolbox\toolboxes\Data Management Tools.tbx\AddField" Date="20210302" Time="093256">AddField nebraska_counties_census.shp my_new_fld "Double  (double precision)" # # # # NULLABLE NON_REQUIRED #</Process></lineage></DataProperties></Esri></metadata>
