<PAMDataset>
  <Metadata>
    <MDI key="DataType">Generic</MDI>
  </Metadata>
  <Metadata domain="Esri">
    <MDI key="PyramidResamplingType">NEAREST</MDI>
  </Metadata>
  <PAMRasterBand band="1">
    <Description>nlcd_lc_14n</Description>
    <NoDataValue>1.28000000000000E+02</NoDataValue>
    <Metadata domain="IMAGE_STRUCTURE">
      <MDI key="PIXELTYPE">SIGNEDBYTE</MDI>
    </Metadata>
    <Metadata>
      <MDI key="RepresentationType">THEMATIC</MDI>
    </Metadata>
  </PAMRasterBand>
</PAMDataset>
