<metadata xml:lang="en"><Esri><CreaDate>20130313</CreaDate><CreaTime>10571700</CreaTime><ArcGISFormat>1.0</ArcGISFormat><SyncOnce>FALSE</SyncOnce><DataProperties><itemProps><itemName Sync="TRUE">acc_10_5yr_county_metadata.csv</itemName><imsContentType Sync="TRUE">005</imsContentType><itemLocation><linkage Sync="TRUE">file://\\GEOG-H8G1PY2\C$\Users\pbitterman2\Dropbox\GEOG432\unti12prep\acc_10_5yr_county_metadata.csv</linkage><protocol Sync="TRUE">Local Area Network</protocol></itemLocation><itemSize Sync="TRUE">0.000</itemSize></itemProps><lineage><Process ToolSource="c:\program files\arcgis\desktop10.1\ArcToolbox\Toolboxes\Conversion Tools.tbx\TableToTable" Date="20121226" Time="155543">TableToTable C:\morto308\2010_Census_Data_GEODATABASES_with_2010_TIGER\County\ACS_10_5YR_County_metadata.xlsx\ACS_10_5YR_County_metadata$ C:\morto308\2010_Census_Data_GEODATABASES_with_2010_TIGER\2010_ACS_5YR_County.gdb ACS_10_5YR_County_Metadata # "attrlabl "attrlabl" true true false 255 Text 0 0 ,First,#,C:\morto308\2010_Census_Data_GEODATABASES_with_2010_TIGER\County\ACS_10_5YR_County_metadata.xlsx\ACS_10_5YR_County_metadata$,attrlabl,-1,-1;attrdef "attrdef" true true false 255 Text 0 0 ,First,#,C:\morto308\2010_Census_Data_GEODATABASES_with_2010_TIGER\County\ACS_10_5YR_County_metadata.xlsx\ACS_10_5YR_County_metadata$,attrdef,-1,-1" #</Process><Process ToolSource="c:\program files\arcgis\pro\Resources\ArcToolbox\toolboxes\Conversion Tools.tbx\TableToTable" Date="20210411" Time="063839">TableToTable ACS_10_5YR_County_Metadata C:\Users\pbitterman2\Dropbox\GEOG432\unti12prep acc_10_5yr_county_metadata.csv # "attrlabl "attrlabl" true true false 255 Text 0 0,First,#,C:\Users\pbitterman2\Dropbox\GEOG432\unti12prep\2010_ACS_5YR_County.gdb\ACS_10_5YR_County_Metadata,attrlabl,0,255;attrdef "attrdef" true true false 255 Text 0 0,First,#,C:\Users\pbitterman2\Dropbox\GEOG432\unti12prep\2010_ACS_5YR_County.gdb\ACS_10_5YR_County_Metadata,attrdef,0,255" #</Process></lineage></DataProperties><SyncDate>20210411</SyncDate><SyncTime>06383700</SyncTime><ModDate>20210411</ModDate><ModTime>06383700</ModTime></Esri><dataIdInfo><envirDesc Sync="TRUE">Microsoft Windows 10 Version 10.0 (Build 19041) ; Esri ArcGIS 12.6.2.24783</envirDesc><dataLang><languageCode value="eng" Sync="TRUE"></languageCode><countryCode value="USA" Sync="TRUE"></countryCode></dataLang><idCitation><resTitle Sync="TRUE">acc_10_5yr_county_metadata.csv</resTitle><presForm><PresFormCd value="001" Sync="TRUE"></PresFormCd></presForm></idCitation><spatRpType><SpatRepTypCd value="003" Sync="TRUE"></SpatRepTypCd></spatRpType></dataIdInfo><mdLang><languageCode value="eng" Sync="TRUE"></languageCode><countryCode value="USA" Sync="TRUE"></countryCode></mdLang><mdChar><CharSetCd value="004" Sync="TRUE"></CharSetCd></mdChar><distInfo><distFormat><formatName Sync="TRUE">Text File</formatName></distFormat><distTranOps><transSize Sync="TRUE">0.000</transSize></distTranOps></distInfo><mdHrLv><ScopeCd value="007" Sync="TRUE"></ScopeCd></mdHrLv><mdHrLvName Sync="TRUE">non-geographic dataset</mdHrLvName><eainfo><detailed Name="acc_10_5yr_county_metadata.csv"><enttyp><enttypl Sync="TRUE">acc_10_5yr_county_metadata.csv</enttypl><enttypt Sync="TRUE">Table</enttypt><enttypc Sync="TRUE">0</enttypc></enttyp><attr><attrlabl Sync="TRUE">OBJECTID</attrlabl><attalias Sync="TRUE">OBJECTID</attalias><attrtype Sync="TRUE">Integer</attrtype><attwidth Sync="TRUE">4</attwidth><atprecis Sync="TRUE">0</atprecis><attscale Sync="TRUE">0</attscale><attrdef Sync="TRUE">Internal feature number.</attrdef><attrdefs Sync="TRUE">Esri</attrdefs><attrdomv><udom Sync="TRUE">Sequential unique whole numbers that are automatically generated.</udom></attrdomv></attr><attr><attrlabl Sync="TRUE">attrlabl</attrlabl><attalias Sync="TRUE">attrlabl</attalias><attrtype Sync="TRUE">String</attrtype><attwidth Sync="TRUE">255</attwidth><atprecis Sync="TRUE">0</atprecis><attscale Sync="TRUE">0</attscale></attr><attr><attrlabl Sync="TRUE">attrdef</attrlabl><attalias Sync="TRUE">attrdef</attalias><attrtype Sync="TRUE">String</attrtype><attwidth Sync="TRUE">255</attwidth><atprecis Sync="TRUE">0</atprecis><attscale Sync="TRUE">0</attscale></attr></detailed></eainfo><mdDateSt Sync="TRUE">20210411</mdDateSt></metadata>
