<?xml version="1.0"?>
<!--<!DOCTYPE metadata SYSTEM "http://www.esri.com/metadata/esriprof80.dtd">-->
<metadata xml:lang="en"><Esri><CreaDate>20100109</CreaDate><CreaTime>08071000</CreaTime><SyncOnce>TRUE</SyncOnce><DataProperties><lineage><Process ToolSource="C:\Program Files\ArcGIS\ArcToolbox\Toolboxes\Spatial Analyst Tools.tbx\ExtractValuesToPoints" Date="20100109" Time="075744">ExtractValuesToPoints C:\Data\PRISM\NebSamplePoints.shp C:\Data\PRISM\nebprecip08 C:\Data\PRISM\Extract_NebSamp1.shp NONE VALUE_ONLY</Process><Process ToolSource="C:\Program Files\ArcGIS\ArcToolbox\Toolboxes\Data Management Tools.tbx\Project" Date="20100109" Time="080710">Project C:\Data\Project1Data\NebSamplePoints.shp C:\Data\Project1Data\NebSamplePoints_Project.shp PROJCS['NAD_1983_StatePlane_Nebraska_FIPS_2600',GEOGCS['GCS_North_American_1983',DATUM['D_North_American_1983',SPHEROID['GRS_1980',6378137.0,298.257222101]],PRIMEM['Greenwich',0.0],UNIT['Degree',0.0174532925199433]],PROJECTION['Lambert_Conformal_Conic'],PARAMETER['False_Easting',500000.0],PARAMETER['False_Northing',0.0],PARAMETER['Central_Meridian',-100.0],PARAMETER['Standard_Parallel_1',40.0],PARAMETER['Standard_Parallel_2',43.0],PARAMETER['Latitude_Of_Origin',39.83333333333334],UNIT['Meter',1.0]] WGS_1972_To_WGS_1984_2;NAD_1983_To_WGS_1984_5 GEOGCS['GCS_WGS_1972',DATUM['D_WGS_1972',SPHEROID['WGS_1972',6378135.0,298.26]],PRIMEM['Greenwich',0.0],UNIT['Degree',0.0174532925199433]]</Process></lineage></DataProperties><MetaID>{51BFAF74-DC20-4D88-8682-373FD98BE876}</MetaID></Esri><idinfo><citation><citeinfo><onlink Sync="TRUE">\\ASROCK\C$\Data\zPractice\Lesson1\Precip2008Readings</onlink></citeinfo></citation></idinfo><distInfo><distributor><distorTran><onLineSrc><linkage Sync="TRUE">file://\\ASROCK\C$\Data\zPractice\Lesson1\Precip2008Readings</linkage><protocol Sync="TRUE">Local Area Network</protocol></onLineSrc></distorTran></distributor></distInfo><dataqual><lineage><procstep><procdesc Sync="TRUE">Dataset copied.</procdesc><srcused Sync="TRUE">C:\Data\PRISM\NebSamplePoints</srcused><procdate Sync="TRUE">20100109</procdate><proctime Sync="TRUE">07585000</proctime></procstep><procstep><procdesc Sync="TRUE">Dataset copied.</procdesc><srcused Sync="TRUE"></srcused><procdate Sync="TRUE">20100109</procdate><proctime Sync="TRUE">08071000</proctime></procstep><procstep><procdesc Sync="TRUE">Dataset moved.</procdesc><srcused Sync="TRUE">C:\Data\Project1Data\Precip2008Readings</srcused><procdate Sync="TRUE">20100120</procdate><proctime Sync="TRUE">07010200</proctime></procstep><procstep><procdesc Sync="TRUE">Dataset moved.</procdesc><srcused Sync="TRUE">C:\Data\zPractice\Lesson1\Precip2008Readings</srcused><procdate Sync="TRUE">20100120</procdate><proctime Sync="TRUE">07020900</proctime></procstep><procstep><procdesc Sync="TRUE">Dataset moved.</procdesc><srcused Sync="TRUE">C:\Data\zPractice\Lesson1\Project1PartI\Precip2008Readings</srcused><procdate Sync="TRUE">20100120</procdate><proctime Sync="TRUE">07023000</proctime></procstep></lineage></dataqual></metadata>
