<?xml version="1.0" encoding="UTF-8"?>
<metadata xml:lang="en"><Esri><CreaDate>20210207</CreaDate><CreaTime>10074400</CreaTime><ArcGISFormat>1.0</ArcGISFormat><SyncOnce>FALSE</SyncOnce><DataProperties><itemProps><itemName Sync="TRUE">lancaster_county</itemName><imsContentType Sync="TRUE">002</imsContentType><itemSize Sync="TRUE">0.000</itemSize><itemLocation><linkage Sync="TRUE">file://\\THOREAU\C$\Users\pjbitterman\Dropbox\GEOG432\lab04\lancaster_county.shp</linkage><protocol Sync="TRUE">Local Area Network</protocol></itemLocation></itemProps><coordRef><type Sync="TRUE">Geographic</type><geogcsn Sync="TRUE">GCS_WGS_1984</geogcsn><csUnits Sync="TRUE">Angular Unit: Degree (0.017453)</csUnits><peXml Sync="TRUE">&lt;GeographicCoordinateSystem xsi:type='typens:GeographicCoordinateSystem' xmlns:xsi='http://www.w3.org/2001/XMLSchema-instance' xmlns:xs='http://www.w3.org/2001/XMLSchema' xmlns:typens='http://www.esri.com/schemas/ArcGIS/2.7.0'&gt;&lt;WKT&gt;GEOGCS[&amp;quot;GCS_WGS_1984&amp;quot;,DATUM[&amp;quot;D_WGS_1984&amp;quot;,SPHEROID[&amp;quot;WGS_1984&amp;quot;,6378137.0,298.257223563]],PRIMEM[&amp;quot;Greenwich&amp;quot;,0.0],UNIT[&amp;quot;Degree&amp;quot;,0.0174532925199433],AUTHORITY[&amp;quot;EPSG&amp;quot;,4326]]&lt;/WKT&gt;&lt;XOrigin&gt;-400&lt;/XOrigin&gt;&lt;YOrigin&gt;-400&lt;/YOrigin&gt;&lt;XYScale&gt;11258999068426.238&lt;/XYScale&gt;&lt;ZOrigin&gt;-100000&lt;/ZOrigin&gt;&lt;ZScale&gt;10000&lt;/ZScale&gt;&lt;MOrigin&gt;-100000&lt;/MOrigin&gt;&lt;MScale&gt;10000&lt;/MScale&gt;&lt;XYTolerance&gt;8.983152841195215e-09&lt;/XYTolerance&gt;&lt;ZTolerance&gt;0.001&lt;/ZTolerance&gt;&lt;MTolerance&gt;0.001&lt;/MTolerance&gt;&lt;HighPrecision&gt;true&lt;/HighPrecision&gt;&lt;LeftLongitude&gt;-180&lt;/LeftLongitude&gt;&lt;WKID&gt;4326&lt;/WKID&gt;&lt;LatestWKID&gt;4326&lt;/LatestWKID&gt;&lt;/GeographicCoordinateSystem&gt;</peXml></coordRef><lineage><Process ToolSource="c:\program files\arcgis\pro\Resources\ArcToolbox\toolboxes\Conversion Tools.tbx\FeatureClassToFeatureClass" Date="20210207" Time="100744">FeatureClassToFeatureClass "County_Boundaries-_Census selection" C:\Users\pjbitterman\Dropbox\GEOG432\week03\week03data lancaster_county.shp # "OBJECTID "OBJECTID" true true false 2 Short 0 2,First,#,County_Boundaries-_Census selection,OBJECTID,-1,-1;STATEFP10 "STATEFP10" true true false 2 Text 0 0,First,#,County_Boundaries-_Census selection,STATEFP10,0,2;COUNTYFP10 "COUNTYFP10" true true false 3 Text 0 0,First,#,County_Boundaries-_Census selection,COUNTYFP10,0,3;COUNTYNS10 "COUNTYNS10" true true false 8 Text 0 0,First,#,County_Boundaries-_Census selection,COUNTYNS10,0,8;GEOID10 "GEOID10" true true false 5 Text 0 0,First,#,County_Boundaries-_Census selection,GEOID10,0,5;NAME10 "NAME10" true true false 12 Text 0 0,First,#,County_Boundaries-_Census selection,NAME10,0,12;NAMELSAD10 "NAMELSAD10" true true false 19 Text 0 0,First,#,County_Boundaries-_Census selection,NAMELSAD10,0,19;LSAD10 "LSAD10" true true false 2 Text 0 0,First,#,County_Boundaries-_Census selection,LSAD10,0,2;CLASSFP10 "CLASSFP10" true true false 2 Text 0 0,First,#,County_Boundaries-_Census selection,CLASSFP10,0,2;MTFCC10 "MTFCC10" true true false 5 Text 0 0,First,#,County_Boundaries-_Census selection,MTFCC10,0,5;CSAFP10 "CSAFP10" true true false 3 Text 0 0,First,#,County_Boundaries-_Census selection,CSAFP10,0,3;CBSAFP10 "CBSAFP10" true true false 5 Text 0 0,First,#,County_Boundaries-_Census selection,CBSAFP10,0,5;METDIVFP10 "METDIVFP10" true true false 1 Text 0 0,First,#,County_Boundaries-_Census selection,METDIVFP10,0,1;FUNCSTAT10 "FUNCSTAT10" true true false 1 Text 0 0,First,#,County_Boundaries-_Census selection,FUNCSTAT10,0,1;ALAND10 "ALAND10" true true false 11 Double 0 11,First,#,County_Boundaries-_Census selection,ALAND10,-1,-1;AWATER10 "AWATER10" true true false 9 Long 0 9,First,#,County_Boundaries-_Census selection,AWATER10,-1,-1;INTPTLAT10 "INTPTLAT10" true true false 11 Text 0 0,First,#,County_Boundaries-_Census selection,INTPTLAT10,0,11;INTPTLON10 "INTPTLON10" true true false 12 Text 0 0,First,#,County_Boundaries-_Census selection,INTPTLON10,0,12;Shape_Leng "Shape_Leng" true true false 24 Double 15 23,First,#,County_Boundaries-_Census selection,Shape_Leng,-1,-1;GEOID10_1 "GEOID10_1" true true false 12 Text 0 0,First,#,County_Boundaries-_Census selection,GEOID10_1,0,12;GEOID "GEOID" true true false 5 Text 0 0,First,#,County_Boundaries-_Census selection,GEOID,0,5;SUMLEVEL "SUMLEVEL" true true false 2 Short 0 2,First,#,County_Boundaries-_Census selection,SUMLEVEL,-1,-1;ST "ST" true true false 2 Short 0 2,First,#,County_Boundaries-_Census selection,ST,-1,-1;NAME "NAME" true true false 29 Text 0 0,First,#,County_Boundaries-_Census selection,NAME,0,29;COUNTY "COUNTY" true true false 3 Text 0 0,First,#,County_Boundaries-_Census selection,COUNTY,0,3;TRACT "TRACT" true true false 4 Text 0 0,First,#,County_Boundaries-_Census selection,TRACT,0,4;BLKGRP "BLKGRP" true true false 4 Text 0 0,First,#,County_Boundaries-_Census selection,BLKGRP,0,4;Total "Total" true true false 6 Long 0 6,First,#,County_Boundaries-_Census selection,Total,-1,-1;Male "Male" true true false 6 Long 0 6,First,#,County_Boundaries-_Census selection,Male,-1,-1;MUn5Y "MUn5Y" true true false 5 Long 0 5,First,#,County_Boundaries-_Census selection,MUn5Y,-1,-1;M5to9Y "M5to9Y" true true false 5 Long 0 5,First,#,County_Boundaries-_Census selection,M5to9Y,-1,-1;M10to14Y "M10to14Y" true true false 5 Long 0 5,First,#,County_Boundaries-_Census selection,M10to14Y,-1,-1;M15to17Y "M15to17Y" true true false 5 Long 0 5,First,#,County_Boundaries-_Census selection,M15to17Y,-1,-1;M18and19Y "M18and19Y" true true false 4 Short 0 4,First,#,County_Boundaries-_Census selection,M18and19Y,-1,-1;M20Y "M20Y" true true false 4 Short 0 4,First,#,County_Boundaries-_Census selection,M20Y,-1,-1;M21Y "M21Y" true true false 4 Short 0 4,First,#,County_Boundaries-_Census selection,M21Y,-1,-1;M22to24Y "M22to24Y" true true false 5 Long 0 5,First,#,County_Boundaries-_Census selection,M22to24Y,-1,-1;M25to29Y "M25to29Y" true true false 5 Long 0 5,First,#,County_Boundaries-_Census selection,M25to29Y,-1,-1;M30to34Y "M30to34Y" true true false 5 Long 0 5,First,#,County_Boundaries-_Census selection,M30to34Y,-1,-1;M35to39Y "M35to39Y" true true false 5 Long 0 5,First,#,County_Boundaries-_Census selection,M35to39Y,-1,-1;M40to44Y "M40to44Y" true true false 5 Long 0 5,First,#,County_Boundaries-_Census selection,M40to44Y,-1,-1;M45to49Y "M45to49Y" true true false 5 Long 0 5,First,#,County_Boundaries-_Census selection,M45to49Y,-1,-1;M50to54Y "M50to54Y" true true false 5 Long 0 5,First,#,County_Boundaries-_Census selection,M50to54Y,-1,-1;M55to59Y "M55to59Y" true true false 5 Long 0 5,First,#,County_Boundaries-_Census selection,M55to59Y,-1,-1;M60and61Y "M60and61Y" true true false 4 Short 0 4,First,#,County_Boundaries-_Census selection,M60and61Y,-1,-1;M62to64Y "M62to64Y" true true false 4 Short 0 4,First,#,County_Boundaries-_Census selection,M62to64Y,-1,-1;M65and66Y "M65and66Y" true true false 4 Short 0 4,First,#,County_Boundaries-_Census selection,M65and66Y,-1,-1;M67to69Y "M67to69Y" true true false 4 Short 0 4,First,#,County_Boundaries-_Census selection,M67to69Y,-1,-1;M70to74Y "M70to74Y" true true false 4 Short 0 4,First,#,County_Boundaries-_Census selection,M70to74Y,-1,-1;M75to79Y "M75to79Y" true true false 4 Short 0 4,First,#,County_Boundaries-_Census selection,M75to79Y,-1,-1;M80to84Y "M80to84Y" true true false 4 Short 0 4,First,#,County_Boundaries-_Census selection,M80to84Y,-1,-1;MOv85Y "MOv85Y" true true false 4 Short 0 4,First,#,County_Boundaries-_Census selection,MOv85Y,-1,-1;Female "Female" true true false 6 Long 0 6,First,#,County_Boundaries-_Census selection,Female,-1,-1;FUn5Y "FUn5Y" true true false 5 Long 0 5,First,#,County_Boundaries-_Census selection,FUn5Y,-1,-1;F5to9Y "F5to9Y" true true false 5 Long 0 5,First,#,County_Boundaries-_Census selection,F5to9Y,-1,-1;F10to14Y "F10to14Y" true true false 5 Long 0 5,First,#,County_Boundaries-_Census selection,F10to14Y,-1,-1;F15to17Y "F15to17Y" true true false 5 Long 0 5,First,#,County_Boundaries-_Census selection,F15to17Y,-1,-1;F18and19Y "F18and19Y" true true false 4 Short 0 4,First,#,County_Boundaries-_Census selection,F18and19Y,-1,-1;F20Y "F20Y" true true false 4 Short 0 4,First,#,County_Boundaries-_Census selection,F20Y,-1,-1;F21Y "F21Y" true true false 4 Short 0 4,First,#,County_Boundaries-_Census selection,F21Y,-1,-1;F22to24Y "F22to24Y" true true false 5 Long 0 5,First,#,County_Boundaries-_Census selection,F22to24Y,-1,-1;F25to29Y "F25to29Y" true true false 5 Long 0 5,First,#,County_Boundaries-_Census selection,F25to29Y,-1,-1;F30to34Y "F30to34Y" true true false 5 Long 0 5,First,#,County_Boundaries-_Census selection,F30to34Y,-1,-1;F35to39Y "F35to39Y" true true false 5 Long 0 5,First,#,County_Boundaries-_Census selection,F35to39Y,-1,-1;F40to44Y "F40to44Y" true true false 5 Long 0 5,First,#,County_Boundaries-_Census selection,F40to44Y,-1,-1;F45to49Y "F45to49Y" true true false 5 Long 0 5,First,#,County_Boundaries-_Census selection,F45to49Y,-1,-1;F50to54Y "F50to54Y" true true false 5 Long 0 5,First,#,County_Boundaries-_Census selection,F50to54Y,-1,-1;F55to59Y "F55to59Y" true true false 5 Long 0 5,First,#,County_Boundaries-_Census selection,F55to59Y,-1,-1;F60and61Y "F60and61Y" true true false 4 Short 0 4,First,#,County_Boundaries-_Census selection,F60and61Y,-1,-1;F62to64Y "F62to64Y" true true false 4 Short 0 4,First,#,County_Boundaries-_Census selection,F62to64Y,-1,-1;F65and66Y "F65and66Y" true true false 4 Short 0 4,First,#,County_Boundaries-_Census selection,F65and66Y,-1,-1;F67to69Y "F67to69Y" true true false 4 Short 0 4,First,#,County_Boundaries-_Census selection,F67to69Y,-1,-1;F70to74Y "F70to74Y" true true false 4 Short 0 4,First,#,County_Boundaries-_Census selection,F70to74Y,-1,-1;F75to79Y "F75to79Y" true true false 4 Short 0 4,First,#,County_Boundaries-_Census selection,F75to79Y,-1,-1;F80to84Y "F80to84Y" true true false 4 Short 0 4,First,#,County_Boundaries-_Census selection,F80to84Y,-1,-1;FOv85Y "FOv85Y" true true false 4 Short 0 4,First,#,County_Boundaries-_Census selection,FOv85Y,-1,-1;MedianAge "MedianAge" true true false 24 Double 15 23,First,#,County_Boundaries-_Census selection,MedianAge,-1,-1;MedianAgeM "MedianAgeM" true true false 24 Double 15 23,First,#,County_Boundaries-_Census selection,MedianAgeM,-1,-1;MedianAgeF "MedianAgeF" true true false 24 Double 15 23,First,#,County_Boundaries-_Census selection,MedianAgeF,-1,-1;TotalRace "TotalRace" true true false 6 Long 0 6,First,#,County_Boundaries-_Census selection,TotalRace,-1,-1;White "White" true true false 6 Long 0 6,First,#,County_Boundaries-_Census selection,White,-1,-1;BlackorAA "BlackorAA" true true false 5 Long 0 5,First,#,County_Boundaries-_Census selection,BlackorAA,-1,-1;AmIndAlNat "AmIndAlNat" true true false 4 Short 0 4,First,#,County_Boundaries-_Census selection,AmIndAlNat,-1,-1;Asian "Asian" true true false 5 Long 0 5,First,#,County_Boundaries-_Census selection,Asian,-1,-1;NHawOPacIs "NHawOPacIs" true true false 3 Short 0 3,First,#,County_Boundaries-_Census selection,NHawOPacIs,-1,-1;Other "Other" true true false 5 Long 0 5,First,#,County_Boundaries-_Census selection,Other,-1,-1;R2orMore "R2orMore" true true false 5 Long 0 5,First,#,County_Boundaries-_Census selection,R2orMore,-1,-1;R2orMInOth "R2orMInOth" true true false 4 Short 0 4,First,#,County_Boundaries-_Census selection,R2orMInOth,-1,-1;R2orMNO3R "R2orMNO3R" true true false 5 Long 0 5,First,#,County_Boundaries-_Census selection,R2orMNO3R,-1,-1;TotHispNoH "TotHispNoH" true true false 6 Long 0 6,First,#,County_Boundaries-_Census selection,TotHispNoH,-1,-1;NotHisp "NotHisp" true true false 6 Long 0 6,First,#,County_Boundaries-_Census selection,NotHisp,-1,-1;Hisp "Hisp" true true false 5 Long 0 5,First,#,County_Boundaries-_Census selection,Hisp,-1,-1;TotalHouse "TotalHouse" true true false 6 Long 0 6,First,#,County_Boundaries-_Census selection,TotalHouse,-1,-1;FamHouse "FamHouse" true true false 6 Long 0 6,First,#,County_Boundaries-_Census selection,FamHouse,-1,-1;FHMarrCoup "FHMarrCoup" true true false 5 Long 0 5,First,#,County_Boundaries-_Census selection,FHMarrCoup,-1,-1;FHOthFam "FHOthFam" true true false 5 Long 0 5,First,#,County_Boundaries-_Census selection,FHOthFam,-1,-1;FHMaleHous "FHMaleHous" true true false 4 Short 0 4,First,#,County_Boundaries-_Census selection,FHMaleHous,-1,-1;FHFemHous "FHFemHous" true true false 5 Long 0 5,First,#,County_Boundaries-_Census selection,FHFemHous,-1,-1;NonFamHous "NonFamHous" true true false 5 Long 0 5,First,#,County_Boundaries-_Census selection,NonFamHous,-1,-1;NFHAlone "NFHAlone" true true false 5 Long 0 5,First,#,County_Boundaries-_Census selection,NFHAlone,-1,-1;NFHNotAln "NFHNotAln" true true false 5 Long 0 5,First,#,County_Boundaries-_Census selection,NFHNotAln,-1,-1;MedHousInc "MedHousInc" true true false 5 Long 0 5,First,#,County_Boundaries-_Census selection,MedHousInc,-1,-1;MedFamInc "MedFamInc" true true false 5 Long 0 5,First,#,County_Boundaries-_Census selection,MedFamInc,-1,-1;PerCapInc "PerCapInc" true true false 5 Long 0 5,First,#,County_Boundaries-_Census selection,PerCapInc,-1,-1;TotalUnits "TotalUnits" true true false 6 Long 0 6,First,#,County_Boundaries-_Census selection,TotalUnits,-1,-1;Occupied "Occupied" true true false 6 Long 0 6,First,#,County_Boundaries-_Census selection,Occupied,-1,-1;Vacant "Vacant" true true false 5 Long 0 5,First,#,County_Boundaries-_Census selection,Vacant,-1,-1;GrpQrtPop "GrpQrtPop" true true false 5 Long 0 5,First,#,County_Boundaries-_Census selection,GrpQrtPop,-1,-1;TotPop25Ov "TotPop25Ov" true true false 6 Long 0 6,First,#,County_Boundaries-_Census selection,TotPop25Ov,-1,-1;Male1 "Male1" true true false 6 Long 0 6,First,#,County_Boundaries-_Census selection,Male1,-1,-1;MNoSchool "MNoSchool" true true false 3 Short 0 3,First,#,County_Boundaries-_Census selection,MNoSchool,-1,-1;MNursto4Gr "MNursto4Gr" true true false 4 Short 0 4,First,#,County_Boundaries-_Census selection,MNursto4Gr,-1,-1;M5and6Gr "M5and6Gr" true true false 4 Short 0 4,First,#,County_Boundaries-_Census selection,M5and6Gr,-1,-1;M7and8Gr "M7and8Gr" true true false 4 Short 0 4,First,#,County_Boundaries-_Census selection,M7and8Gr,-1,-1;M9Gr "M9Gr" true true false 4 Short 0 4,First,#,County_Boundaries-_Census selection,M9Gr,-1,-1;M10Gr "M10Gr" true true false 4 Short 0 4,First,#,County_Boundaries-_Census selection,M10Gr,-1,-1;M11Gr "M11Gr" true true false 4 Short 0 4,First,#,County_Boundaries-_Census selection,M11Gr,-1,-1;M12GrNoDip "M12GrNoDip" true true false 4 Short 0 4,First,#,County_Boundaries-_Census selection,M12GrNoDip,-1,-1;MHSGdorGED "MHSGdorGED" true true false 5 Long 0 5,First,#,County_Boundaries-_Census selection,MHSGdorGED,-1,-1;MColless1Y "MColless1Y" true true false 5 Long 0 5,First,#,County_Boundaries-_Census selection,MColless1Y,-1,-1;MColNoDeg "MColNoDeg" true true false 5 Long 0 5,First,#,County_Boundaries-_Census selection,MColNoDeg,-1,-1;MAsscDeg "MAsscDeg" true true false 4 Short 0 4,First,#,County_Boundaries-_Census selection,MAsscDeg,-1,-1;MBachDeg "MBachDeg" true true false 5 Long 0 5,First,#,County_Boundaries-_Census selection,MBachDeg,-1,-1;MMastDeg "MMastDeg" true true false 5 Long 0 5,First,#,County_Boundaries-_Census selection,MMastDeg,-1,-1;MProfDeg "MProfDeg" true true false 4 Short 0 4,First,#,County_Boundaries-_Census selection,MProfDeg,-1,-1;MDocDeg "MDocDeg" true true false 4 Short 0 4,First,#,County_Boundaries-_Census selection,MDocDeg,-1,-1;Female1 "Female1" true true false 6 Long 0 6,First,#,County_Boundaries-_Census selection,Female1,-1,-1;FNoSchool "FNoSchool" true true false 3 Short 0 3,First,#,County_Boundaries-_Census selection,FNoSchool,-1,-1;FNursto4Gr "FNursto4Gr" true true false 3 Short 0 3,First,#,County_Boundaries-_Census selection,FNursto4Gr,-1,-1;F5and6Gr "F5and6Gr" true true false 4 Short 0 4,First,#,County_Boundaries-_Census selection,F5and6Gr,-1,-1;F7and8Gr "F7and8Gr" true true false 4 Short 0 4,First,#,County_Boundaries-_Census selection,F7and8Gr,-1,-1;F9Gr "F9Gr" true true false 4 Short 0 4,First,#,County_Boundaries-_Census selection,F9Gr,-1,-1;F10Gr "F10Gr" true true false 4 Short 0 4,First,#,County_Boundaries-_Census selection,F10Gr,-1,-1;F11Gr "F11Gr" true true false 4 Short 0 4,First,#,County_Boundaries-_Census selection,F11Gr,-1,-1;F12GrNoDip "F12GrNoDip" true true false 4 Short 0 4,First,#,County_Boundaries-_Census selection,F12GrNoDip,-1,-1;FHSGdorGED "FHSGdorGED" true true false 5 Long 0 5,First,#,County_Boundaries-_Census selection,FHSGdorGED,-1,-1;FColless1Y "FColless1Y" true true false 5 Long 0 5,First,#,County_Boundaries-_Census selection,FColless1Y,-1,-1;FColNoDeg "FColNoDeg" true true false 5 Long 0 5,First,#,County_Boundaries-_Census selection,FColNoDeg,-1,-1;FAsscDeg "FAsscDeg" true true false 5 Long 0 5,First,#,County_Boundaries-_Census selection,FAsscDeg,-1,-1;FBachDeg "FBachDeg" true true false 5 Long 0 5,First,#,County_Boundaries-_Census selection,FBachDeg,-1,-1;FMastDeg "FMastDeg" true true false 5 Long 0 5,First,#,County_Boundaries-_Census selection,FMastDeg,-1,-1;FProfDeg "FProfDeg" true true false 4 Short 0 4,First,#,County_Boundaries-_Census selection,FProfDeg,-1,-1;FDocDeg "FDocDeg" true true false 4 Short 0 4,First,#,County_Boundaries-_Census selection,FDocDeg,-1,-1;OwnOccUnit "OwnOccUnit" true true false 6 Long 0 6,First,#,County_Boundaries-_Census selection,OwnOccUnit,-1,-1;OVLess10K "OVLess10K" true true false 3 Short 0 3,First,#,County_Boundaries-_Census selection,OVLess10K,-1,-1;OV10K14999 "OV10K14999" true true false 4 Short 0 4,First,#,County_Boundaries-_Census selection,OV10K14999,-1,-1;OV15K19999 "OV15K19999" true true false 3 Short 0 3,First,#,County_Boundaries-_Census selection,OV15K19999,-1,-1;OV20K24999 "OV20K24999" true true false 3 Short 0 3,First,#,County_Boundaries-_Census selection,OV20K24999,-1,-1;OV25K29999 "OV25K29999" true true false 3 Short 0 3,First,#,County_Boundaries-_Census selection,OV25K29999,-1,-1;OV30K34999 "OV30K34999" true true false 3 Short 0 3,First,#,County_Boundaries-_Census selection,OV30K34999,-1,-1;OV35K39999 "OV35K39999" true true false 3 Short 0 3,First,#,County_Boundaries-_Census selection,OV35K39999,-1,-1;OV40K49999 "OV40K49999" true true false 4 Short 0 4,First,#,County_Boundaries-_Census selection,OV40K49999,-1,-1;OV50K5999 "OV50K5999" true true false 4 Short 0 4,First,#,County_Boundaries-_Census selection,OV50K5999,-1,-1;OV60K69999 "OV60K69999" true true false 4 Short 0 4,First,#,County_Boundaries-_Census selection,OV60K69999,-1,-1;OV70K79999 "OV70K79999" true true false 4 Short 0 4,First,#,County_Boundaries-_Census selection,OV70K79999,-1,-1;OV80K89999 "OV80K89999" true true false 4 Short 0 4,First,#,County_Boundaries-_Census selection,OV80K89999,-1,-1;OV90K99999 "OV90K99999" true true false 4 Short 0 4,First,#,County_Boundaries-_Census selection,OV90K99999,-1,-1;OV100K1249 "OV100K1249" true true false 5 Long 0 5,First,#,County_Boundaries-_Census selection,OV100K1249,-1,-1;OV125K1499 "OV125K1499" true true false 5 Long 0 5,First,#,County_Boundaries-_Census selection,OV125K1499,-1,-1;OV150K1749 "OV150K1749" true true false 5 Long 0 5,First,#,County_Boundaries-_Census selection,OV150K1749,-1,-1;OV175K1999 "OV175K1999" true true false 4 Short 0 4,First,#,County_Boundaries-_Census selection,OV175K1999,-1,-1;OV200K2499 "OV200K2499" true true false 5 Long 0 5,First,#,County_Boundaries-_Census selection,OV200K2499,-1,-1;OV250K2999 "OV250K2999" true true false 4 Short 0 4,First,#,County_Boundaries-_Census selection,OV250K2999,-1,-1;OV300K3999 "OV300K3999" true true false 4 Short 0 4,First,#,County_Boundaries-_Census selection,OV300K3999,-1,-1;OV400K4999 "OV400K4999" true true false 4 Short 0 4,First,#,County_Boundaries-_Census selection,OV400K4999,-1,-1;OV500K7499 "OV500K7499" true true false 4 Short 0 4,First,#,County_Boundaries-_Census selection,OV500K7499,-1,-1;OV750K9999 "OV750K9999" true true false 3 Short 0 3,First,#,County_Boundaries-_Census selection,OV750K9999,-1,-1;OV1MillUp "OV1MillUp" true true false 3 Short 0 3,First,#,County_Boundaries-_Census selection,OV1MillUp,-1,-1;MedValHous "MedValHous" true true false 6 Long 0 6,First,#,County_Boundaries-_Census selection,MedValHous,-1,-1;GlobalID "GlobalID" true true false 38 Text 0 0,First,#,County_Boundaries-_Census selection,GlobalID,0,38;GDB_GEOMAT "GDB_GEOMAT" true true false 1 Text 0 0,First,#,County_Boundaries-_Census selection,GDB_GEOMAT,0,1;Shape__Are "Shape__Are" true true false 24 Double 15 23,First,#,County_Boundaries-_Census selection,Shape__Are,-1,-1;Shape__Len "Shape__Len" true true false 24 Double 15 23,First,#,County_Boundaries-_Census selection,Shape__Len,-1,-1" #</Process><Process ToolSource="c:\program files\arcgis\pro\Resources\ArcToolbox\toolboxes\Conversion Tools.tbx\FeatureClassToFeatureClass" Date="20210317" Time="173120">FeatureClassToFeatureClass lancaster_county C:\Users\pjbitterman\Dropbox\GEOG432\lab04 lancaster_county.shp # "OBJECTID "OBJECTID" true true false 2 Short 0 2,First,#,lancaster_county,OBJECTID,-1,-1;STATEFP10 "STATEFP10" true true false 2 Text 0 0,First,#,lancaster_county,STATEFP10,0,2;COUNTYFP10 "COUNTYFP10" true true false 3 Text 0 0,First,#,lancaster_county,COUNTYFP10,0,3;COUNTYNS10 "COUNTYNS10" true true false 8 Text 0 0,First,#,lancaster_county,COUNTYNS10,0,8;GEOID10 "GEOID10" true true false 5 Text 0 0,First,#,lancaster_county,GEOID10,0,5;NAME10 "NAME10" true true false 12 Text 0 0,First,#,lancaster_county,NAME10,0,12;NAMELSAD10 "NAMELSAD10" true true false 19 Text 0 0,First,#,lancaster_county,NAMELSAD10,0,19;LSAD10 "LSAD10" true true false 2 Text 0 0,First,#,lancaster_county,LSAD10,0,2;CLASSFP10 "CLASSFP10" true true false 2 Text 0 0,First,#,lancaster_county,CLASSFP10,0,2;MTFCC10 "MTFCC10" true true false 5 Text 0 0,First,#,lancaster_county,MTFCC10,0,5;CSAFP10 "CSAFP10" true true false 3 Text 0 0,First,#,lancaster_county,CSAFP10,0,3;CBSAFP10 "CBSAFP10" true true false 5 Text 0 0,First,#,lancaster_county,CBSAFP10,0,5;METDIVFP10 "METDIVFP10" true true false 1 Text 0 0,First,#,lancaster_county,METDIVFP10,0,1;FUNCSTAT10 "FUNCSTAT10" true true false 1 Text 0 0,First,#,lancaster_county,FUNCSTAT10,0,1;ALAND10 "ALAND10" true true false 11 Double 0 11,First,#,lancaster_county,ALAND10,-1,-1;AWATER10 "AWATER10" true true false 9 Long 0 9,First,#,lancaster_county,AWATER10,-1,-1;INTPTLAT10 "INTPTLAT10" true true false 11 Text 0 0,First,#,lancaster_county,INTPTLAT10,0,11;INTPTLON10 "INTPTLON10" true true false 12 Text 0 0,First,#,lancaster_county,INTPTLON10,0,12;Shape_Leng "Shape_Leng" true true false 19 Double 15 18,First,#,lancaster_county,Shape_Leng,-1,-1;GEOID10_1 "GEOID10_1" true true false 12 Text 0 0,First,#,lancaster_county,GEOID10_1,0,12;GEOID "GEOID" true true false 5 Text 0 0,First,#,lancaster_county,GEOID,0,5;SUMLEVEL "SUMLEVEL" true true false 2 Short 0 2,First,#,lancaster_county,SUMLEVEL,-1,-1;ST "ST" true true false 2 Short 0 2,First,#,lancaster_county,ST,-1,-1;NAME "NAME" true true false 29 Text 0 0,First,#,lancaster_county,NAME,0,29;COUNTY "COUNTY" true true false 3 Text 0 0,First,#,lancaster_county,COUNTY,0,3;TRACT "TRACT" true true false 4 Text 0 0,First,#,lancaster_county,TRACT,0,4;BLKGRP "BLKGRP" true true false 4 Text 0 0,First,#,lancaster_county,BLKGRP,0,4;Total "Total" true true false 6 Long 0 6,First,#,lancaster_county,Total,-1,-1;Male "Male" true true false 6 Long 0 6,First,#,lancaster_county,Male,-1,-1;MUn5Y "MUn5Y" true true false 5 Long 0 5,First,#,lancaster_county,MUn5Y,-1,-1;M5to9Y "M5to9Y" true true false 5 Long 0 5,First,#,lancaster_county,M5to9Y,-1,-1;M10to14Y "M10to14Y" true true false 5 Long 0 5,First,#,lancaster_county,M10to14Y,-1,-1;M15to17Y "M15to17Y" true true false 5 Long 0 5,First,#,lancaster_county,M15to17Y,-1,-1;M18and19Y "M18and19Y" true true false 4 Short 0 4,First,#,lancaster_county,M18and19Y,-1,-1;M20Y "M20Y" true true false 4 Short 0 4,First,#,lancaster_county,M20Y,-1,-1;M21Y "M21Y" true true false 4 Short 0 4,First,#,lancaster_county,M21Y,-1,-1;M22to24Y "M22to24Y" true true false 5 Long 0 5,First,#,lancaster_county,M22to24Y,-1,-1;M25to29Y "M25to29Y" true true false 5 Long 0 5,First,#,lancaster_county,M25to29Y,-1,-1;M30to34Y "M30to34Y" true true false 5 Long 0 5,First,#,lancaster_county,M30to34Y,-1,-1;M35to39Y "M35to39Y" true true false 5 Long 0 5,First,#,lancaster_county,M35to39Y,-1,-1;M40to44Y "M40to44Y" true true false 5 Long 0 5,First,#,lancaster_county,M40to44Y,-1,-1;M45to49Y "M45to49Y" true true false 5 Long 0 5,First,#,lancaster_county,M45to49Y,-1,-1;M50to54Y "M50to54Y" true true false 5 Long 0 5,First,#,lancaster_county,M50to54Y,-1,-1;M55to59Y "M55to59Y" true true false 5 Long 0 5,First,#,lancaster_county,M55to59Y,-1,-1;M60and61Y "M60and61Y" true true false 4 Short 0 4,First,#,lancaster_county,M60and61Y,-1,-1;M62to64Y "M62to64Y" true true false 4 Short 0 4,First,#,lancaster_county,M62to64Y,-1,-1;M65and66Y "M65and66Y" true true false 4 Short 0 4,First,#,lancaster_county,M65and66Y,-1,-1;M67to69Y "M67to69Y" true true false 4 Short 0 4,First,#,lancaster_county,M67to69Y,-1,-1;M70to74Y "M70to74Y" true true false 4 Short 0 4,First,#,lancaster_county,M70to74Y,-1,-1;M75to79Y "M75to79Y" true true false 4 Short 0 4,First,#,lancaster_county,M75to79Y,-1,-1;M80to84Y "M80to84Y" true true false 4 Short 0 4,First,#,lancaster_county,M80to84Y,-1,-1;MOv85Y "MOv85Y" true true false 4 Short 0 4,First,#,lancaster_county,MOv85Y,-1,-1;Female "Female" true true false 6 Long 0 6,First,#,lancaster_county,Female,-1,-1;FUn5Y "FUn5Y" true true false 5 Long 0 5,First,#,lancaster_county,FUn5Y,-1,-1;F5to9Y "F5to9Y" true true false 5 Long 0 5,First,#,lancaster_county,F5to9Y,-1,-1;F10to14Y "F10to14Y" true true false 5 Long 0 5,First,#,lancaster_county,F10to14Y,-1,-1;F15to17Y "F15to17Y" true true false 5 Long 0 5,First,#,lancaster_county,F15to17Y,-1,-1;F18and19Y "F18and19Y" true true false 4 Short 0 4,First,#,lancaster_county,F18and19Y,-1,-1;F20Y "F20Y" true true false 4 Short 0 4,First,#,lancaster_county,F20Y,-1,-1;F21Y "F21Y" true true false 4 Short 0 4,First,#,lancaster_county,F21Y,-1,-1;F22to24Y "F22to24Y" true true false 5 Long 0 5,First,#,lancaster_county,F22to24Y,-1,-1;F25to29Y "F25to29Y" true true false 5 Long 0 5,First,#,lancaster_county,F25to29Y,-1,-1;F30to34Y "F30to34Y" true true false 5 Long 0 5,First,#,lancaster_county,F30to34Y,-1,-1;F35to39Y "F35to39Y" true true false 5 Long 0 5,First,#,lancaster_county,F35to39Y,-1,-1;F40to44Y "F40to44Y" true true false 5 Long 0 5,First,#,lancaster_county,F40to44Y,-1,-1;F45to49Y "F45to49Y" true true false 5 Long 0 5,First,#,lancaster_county,F45to49Y,-1,-1;F50to54Y "F50to54Y" true true false 5 Long 0 5,First,#,lancaster_county,F50to54Y,-1,-1;F55to59Y "F55to59Y" true true false 5 Long 0 5,First,#,lancaster_county,F55to59Y,-1,-1;F60and61Y "F60and61Y" true true false 4 Short 0 4,First,#,lancaster_county,F60and61Y,-1,-1;F62to64Y "F62to64Y" true true false 4 Short 0 4,First,#,lancaster_county,F62to64Y,-1,-1;F65and66Y "F65and66Y" true true false 4 Short 0 4,First,#,lancaster_county,F65and66Y,-1,-1;F67to69Y "F67to69Y" true true false 4 Short 0 4,First,#,lancaster_county,F67to69Y,-1,-1;F70to74Y "F70to74Y" true true false 4 Short 0 4,First,#,lancaster_county,F70to74Y,-1,-1;F75to79Y "F75to79Y" true true false 4 Short 0 4,First,#,lancaster_county,F75to79Y,-1,-1;F80to84Y "F80to84Y" true true false 4 Short 0 4,First,#,lancaster_county,F80to84Y,-1,-1;FOv85Y "FOv85Y" true true false 4 Short 0 4,First,#,lancaster_county,FOv85Y,-1,-1;MedianAge "MedianAge" true true false 19 Double 15 18,First,#,lancaster_county,MedianAge,-1,-1;MedianAgeM "MedianAgeM" true true false 19 Double 15 18,First,#,lancaster_county,MedianAgeM,-1,-1;MedianAgeF "MedianAgeF" true true false 19 Double 15 18,First,#,lancaster_county,MedianAgeF,-1,-1;TotalRace "TotalRace" true true false 6 Long 0 6,First,#,lancaster_county,TotalRace,-1,-1;White "White" true true false 6 Long 0 6,First,#,lancaster_county,White,-1,-1;BlackorAA "BlackorAA" true true false 5 Long 0 5,First,#,lancaster_county,BlackorAA,-1,-1;AmIndAlNat "AmIndAlNat" true true false 4 Short 0 4,First,#,lancaster_county,AmIndAlNat,-1,-1;Asian "Asian" true true false 5 Long 0 5,First,#,lancaster_county,Asian,-1,-1;NHawOPacIs "NHawOPacIs" true true false 3 Short 0 3,First,#,lancaster_county,NHawOPacIs,-1,-1;Other "Other" true true false 5 Long 0 5,First,#,lancaster_county,Other,-1,-1;R2orMore "R2orMore" true true false 5 Long 0 5,First,#,lancaster_county,R2orMore,-1,-1;R2orMInOth "R2orMInOth" true true false 4 Short 0 4,First,#,lancaster_county,R2orMInOth,-1,-1;R2orMNO3R "R2orMNO3R" true true false 5 Long 0 5,First,#,lancaster_county,R2orMNO3R,-1,-1;TotHispNoH "TotHispNoH" true true false 6 Long 0 6,First,#,lancaster_county,TotHispNoH,-1,-1;NotHisp "NotHisp" true true false 6 Long 0 6,First,#,lancaster_county,NotHisp,-1,-1;Hisp "Hisp" true true false 5 Long 0 5,First,#,lancaster_county,Hisp,-1,-1;TotalHouse "TotalHouse" true true false 6 Long 0 6,First,#,lancaster_county,TotalHouse,-1,-1;FamHouse "FamHouse" true true false 6 Long 0 6,First,#,lancaster_county,FamHouse,-1,-1;FHMarrCoup "FHMarrCoup" true true false 5 Long 0 5,First,#,lancaster_county,FHMarrCoup,-1,-1;FHOthFam "FHOthFam" true true false 5 Long 0 5,First,#,lancaster_county,FHOthFam,-1,-1;FHMaleHous "FHMaleHous" true true false 4 Short 0 4,First,#,lancaster_county,FHMaleHous,-1,-1;FHFemHous "FHFemHous" true true false 5 Long 0 5,First,#,lancaster_county,FHFemHous,-1,-1;NonFamHous "NonFamHous" true true false 5 Long 0 5,First,#,lancaster_county,NonFamHous,-1,-1;NFHAlone "NFHAlone" true true false 5 Long 0 5,First,#,lancaster_county,NFHAlone,-1,-1;NFHNotAln "NFHNotAln" true true false 5 Long 0 5,First,#,lancaster_county,NFHNotAln,-1,-1;MedHousInc "MedHousInc" true true false 5 Long 0 5,First,#,lancaster_county,MedHousInc,-1,-1;MedFamInc "MedFamInc" true true false 5 Long 0 5,First,#,lancaster_county,MedFamInc,-1,-1;PerCapInc "PerCapInc" true true false 5 Long 0 5,First,#,lancaster_county,PerCapInc,-1,-1;TotalUnits "TotalUnits" true true false 6 Long 0 6,First,#,lancaster_county,TotalUnits,-1,-1;Occupied "Occupied" true true false 6 Long 0 6,First,#,lancaster_county,Occupied,-1,-1;Vacant "Vacant" true true false 5 Long 0 5,First,#,lancaster_county,Vacant,-1,-1;GrpQrtPop "GrpQrtPop" true true false 5 Long 0 5,First,#,lancaster_county,GrpQrtPop,-1,-1;TotPop25Ov "TotPop25Ov" true true false 6 Long 0 6,First,#,lancaster_county,TotPop25Ov,-1,-1;Male1 "Male1" true true false 6 Long 0 6,First,#,lancaster_county,Male1,-1,-1;MNoSchool "MNoSchool" true true false 3 Short 0 3,First,#,lancaster_county,MNoSchool,-1,-1;MNursto4Gr "MNursto4Gr" true true false 4 Short 0 4,First,#,lancaster_county,MNursto4Gr,-1,-1;M5and6Gr "M5and6Gr" true true false 4 Short 0 4,First,#,lancaster_county,M5and6Gr,-1,-1;M7and8Gr "M7and8Gr" true true false 4 Short 0 4,First,#,lancaster_county,M7and8Gr,-1,-1;M9Gr "M9Gr" true true false 4 Short 0 4,First,#,lancaster_county,M9Gr,-1,-1;M10Gr "M10Gr" true true false 4 Short 0 4,First,#,lancaster_county,M10Gr,-1,-1;M11Gr "M11Gr" true true false 4 Short 0 4,First,#,lancaster_county,M11Gr,-1,-1;M12GrNoDip "M12GrNoDip" true true false 4 Short 0 4,First,#,lancaster_county,M12GrNoDip,-1,-1;MHSGdorGED "MHSGdorGED" true true false 5 Long 0 5,First,#,lancaster_county,MHSGdorGED,-1,-1;MColless1Y "MColless1Y" true true false 5 Long 0 5,First,#,lancaster_county,MColless1Y,-1,-1;MColNoDeg "MColNoDeg" true true false 5 Long 0 5,First,#,lancaster_county,MColNoDeg,-1,-1;MAsscDeg "MAsscDeg" true true false 4 Short 0 4,First,#,lancaster_county,MAsscDeg,-1,-1;MBachDeg "MBachDeg" true true false 5 Long 0 5,First,#,lancaster_county,MBachDeg,-1,-1;MMastDeg "MMastDeg" true true false 5 Long 0 5,First,#,lancaster_county,MMastDeg,-1,-1;MProfDeg "MProfDeg" true true false 4 Short 0 4,First,#,lancaster_county,MProfDeg,-1,-1;MDocDeg "MDocDeg" true true false 4 Short 0 4,First,#,lancaster_county,MDocDeg,-1,-1;Female1 "Female1" true true false 6 Long 0 6,First,#,lancaster_county,Female1,-1,-1;FNoSchool "FNoSchool" true true false 3 Short 0 3,First,#,lancaster_county,FNoSchool,-1,-1;FNursto4Gr "FNursto4Gr" true true false 3 Short 0 3,First,#,lancaster_county,FNursto4Gr,-1,-1;F5and6Gr "F5and6Gr" true true false 4 Short 0 4,First,#,lancaster_county,F5and6Gr,-1,-1;F7and8Gr "F7and8Gr" true true false 4 Short 0 4,First,#,lancaster_county,F7and8Gr,-1,-1;F9Gr "F9Gr" true true false 4 Short 0 4,First,#,lancaster_county,F9Gr,-1,-1;F10Gr "F10Gr" true true false 4 Short 0 4,First,#,lancaster_county,F10Gr,-1,-1;F11Gr "F11Gr" true true false 4 Short 0 4,First,#,lancaster_county,F11Gr,-1,-1;F12GrNoDip "F12GrNoDip" true true false 4 Short 0 4,First,#,lancaster_county,F12GrNoDip,-1,-1;FHSGdorGED "FHSGdorGED" true true false 5 Long 0 5,First,#,lancaster_county,FHSGdorGED,-1,-1;FColless1Y "FColless1Y" true true false 5 Long 0 5,First,#,lancaster_county,FColless1Y,-1,-1;FColNoDeg "FColNoDeg" true true false 5 Long 0 5,First,#,lancaster_county,FColNoDeg,-1,-1;FAsscDeg "FAsscDeg" true true false 5 Long 0 5,First,#,lancaster_county,FAsscDeg,-1,-1;FBachDeg "FBachDeg" true true false 5 Long 0 5,First,#,lancaster_county,FBachDeg,-1,-1;FMastDeg "FMastDeg" true true false 5 Long 0 5,First,#,lancaster_county,FMastDeg,-1,-1;FProfDeg "FProfDeg" true true false 4 Short 0 4,First,#,lancaster_county,FProfDeg,-1,-1;FDocDeg "FDocDeg" true true false 4 Short 0 4,First,#,lancaster_county,FDocDeg,-1,-1;OwnOccUnit "OwnOccUnit" true true false 6 Long 0 6,First,#,lancaster_county,OwnOccUnit,-1,-1;OVLess10K "OVLess10K" true true false 3 Short 0 3,First,#,lancaster_county,OVLess10K,-1,-1;OV10K14999 "OV10K14999" true true false 4 Short 0 4,First,#,lancaster_county,OV10K14999,-1,-1;OV15K19999 "OV15K19999" true true false 3 Short 0 3,First,#,lancaster_county,OV15K19999,-1,-1;OV20K24999 "OV20K24999" true true false 3 Short 0 3,First,#,lancaster_county,OV20K24999,-1,-1;OV25K29999 "OV25K29999" true true false 3 Short 0 3,First,#,lancaster_county,OV25K29999,-1,-1;OV30K34999 "OV30K34999" true true false 3 Short 0 3,First,#,lancaster_county,OV30K34999,-1,-1;OV35K39999 "OV35K39999" true true false 3 Short 0 3,First,#,lancaster_county,OV35K39999,-1,-1;OV40K49999 "OV40K49999" true true false 4 Short 0 4,First,#,lancaster_county,OV40K49999,-1,-1;OV50K5999 "OV50K5999" true true false 4 Short 0 4,First,#,lancaster_county,OV50K5999,-1,-1;OV60K69999 "OV60K69999" true true false 4 Short 0 4,First,#,lancaster_county,OV60K69999,-1,-1;OV70K79999 "OV70K79999" true true false 4 Short 0 4,First,#,lancaster_county,OV70K79999,-1,-1;OV80K89999 "OV80K89999" true true false 4 Short 0 4,First,#,lancaster_county,OV80K89999,-1,-1;OV90K99999 "OV90K99999" true true false 4 Short 0 4,First,#,lancaster_county,OV90K99999,-1,-1;OV100K1249 "OV100K1249" true true false 5 Long 0 5,First,#,lancaster_county,OV100K1249,-1,-1;OV125K1499 "OV125K1499" true true false 5 Long 0 5,First,#,lancaster_county,OV125K1499,-1,-1;OV150K1749 "OV150K1749" true true false 5 Long 0 5,First,#,lancaster_county,OV150K1749,-1,-1;OV175K1999 "OV175K1999" true true false 4 Short 0 4,First,#,lancaster_county,OV175K1999,-1,-1;OV200K2499 "OV200K2499" true true false 5 Long 0 5,First,#,lancaster_county,OV200K2499,-1,-1;OV250K2999 "OV250K2999" true true false 4 Short 0 4,First,#,lancaster_county,OV250K2999,-1,-1;OV300K3999 "OV300K3999" true true false 4 Short 0 4,First,#,lancaster_county,OV300K3999,-1,-1;OV400K4999 "OV400K4999" true true false 4 Short 0 4,First,#,lancaster_county,OV400K4999,-1,-1;OV500K7499 "OV500K7499" true true false 4 Short 0 4,First,#,lancaster_county,OV500K7499,-1,-1;OV750K9999 "OV750K9999" true true false 3 Short 0 3,First,#,lancaster_county,OV750K9999,-1,-1;OV1MillUp "OV1MillUp" true true false 3 Short 0 3,First,#,lancaster_county,OV1MillUp,-1,-1;MedValHous "MedValHous" true true false 6 Long 0 6,First,#,lancaster_county,MedValHous,-1,-1;GlobalID "GlobalID" true true false 38 Text 0 0,First,#,lancaster_county,GlobalID,0,38;GDB_GEOMAT "GDB_GEOMAT" true true false 1 Text 0 0,First,#,lancaster_county,GDB_GEOMAT,0,1;Shape__Are "Shape__Are" true true false 19 Double 15 18,First,#,lancaster_county,Shape__Are,-1,-1;Shape__Len "Shape__Len" true true false 19 Double 15 18,First,#,lancaster_county,Shape__Len,-1,-1" #</Process></lineage><LayerFile>{"type":"CIMLayerDocument","version":"2.7.0","build":26828,"layers":["CIMPATH=Map/5920ef767c2742fd8074d0a8bbc737d4.xml"],"layerDefinitions":[{"type":"CIMFeatureLayer","name":"lancaster_county","uRI":"CIMPATH=Map/5920ef767c2742fd8074d0a8bbc737d4.xml","sourceModifiedTime":{"type":"TimeInstant"},"useSourceMetadata":true,"description":"lancaster_county","layerElevation":{"type":"CIMLayerElevationSurface","mapElevationID":"{FD9FD149-CC33-406F-BC4D-FB1AC432E793}"},"expanded":true,"layerType":"Operational","showLegends":true,"visibility":true,"displayCacheType":"Permanent","maxDisplayCacheAge":5,"showPopups":true,"serviceLayerID":-1,"refreshRate":-1,"refreshRateUnit":"esriTimeUnitsSeconds","blendingMode":"Alpha","autoGenerateFeatureTemplates":true,"featureElevationExpression":"0","featureTable":{"type":"CIMFeatureTable","displayField":"NAME","editable":true,"dataConnection":{"type":"CIMStandardDataConnection","workspaceConnectionString":"DATABASE=..\\..\\..\\..\\..\\pjbitterman\\Dropbox\\GEOG432\\lab04","workspaceFactory":"Shapefile","dataset":"lancaster_county","datasetType":"esriDTFeatureClass"},"studyAreaSpatialRel":"esriSpatialRelUndefined","searchOrder":"esriSearchOrderSpatial"},"htmlPopupEnabled":true,"selectable":true,"featureCacheType":"Session","displayFiltersType":"ByScale","featureBlendingMode":"Alpha","labelClasses":[{"type":"CIMLabelClass","expressionTitle":"Custom","expression":"$feature.NAME","expressionEngine":"Arcade","featuresToLabel":"AllVisibleFeatures","maplexLabelPlacementProperties":{"type":"CIMMaplexLabelPlacementProperties","featureType":"Polygon","avoidPolygonHoles":true,"canOverrunFeature":true,"canPlaceLabelOutsidePolygon":true,"canRemoveOverlappingLabel":true,"canStackLabel":true,"connectionType":"Unambiguous","constrainOffset":"NoConstraint","contourAlignmentType":"Page","contourLadderType":"Straight","contourMaximumAngle":90,"enableConnection":true,"featureWeight":0,"fontHeightReductionLimit":4,"fontHeightReductionStep":0.5,"fontWidthReductionLimit":90,"fontWidthReductionStep":5,"graticuleAlignmentType":"Straight","keyNumberGroupName":"Default","labelBuffer":15,"labelLargestPolygon":true,"labelPriority":-1,"labelStackingProperties":{"type":"CIMMaplexLabelStackingProperties","stackAlignment":"ChooseBest","maximumNumberOfLines":3,"minimumNumberOfCharsPerLine":3,"maximumNumberOfCharsPerLine":24,"separators":[{"type":"CIMMaplexStackingSeparator","separator":" ","splitAfter":true},{"type":"CIMMaplexStackingSeparator","separator":",","visible":true,"splitAfter":true}]},"lineFeatureType":"General","linePlacementMethod":"OffsetCurvedFromLine","maximumLabelOverrun":80,"maximumLabelOverrunUnit":"Point","minimumFeatureSizeUnit":"Map","multiPartOption":"OneLabelPerPart","offsetAlongLineProperties":{"type":"CIMMaplexOffsetAlongLineProperties","placementMethod":"BestPositionAlongLine","labelAnchorPoint":"CenterOfLabel","distanceUnit":"Percentage","useLineDirection":true},"pointExternalZonePriorities":{"type":"CIMMaplexExternalZonePriorities","aboveLeft":4,"aboveCenter":2,"aboveRight":1,"centerRight":3,"belowRight":5,"belowCenter":7,"belowLeft":8,"centerLeft":6},"pointPlacementMethod":"AroundPoint","polygonAnchorPointType":"GeometricCenter","polygonBoundaryWeight":0,"polygonExternalZones":{"type":"CIMMaplexExternalZonePriorities","aboveLeft":4,"aboveCenter":2,"aboveRight":1,"centerRight":3,"belowRight":5,"belowCenter":7,"belowLeft":8,"centerLeft":6},"polygonFeatureType":"General","polygonInternalZones":{"type":"CIMMaplexInternalZonePriorities","center":1},"polygonPlacementMethod":"HorizontalInPolygon","primaryOffset":1,"primaryOffsetUnit":"Point","removeExtraWhiteSpace":true,"repetitionIntervalUnit":"Point","rotationProperties":{"type":"CIMMaplexRotationProperties","rotationType":"Arithmetic","alignmentType":"Straight"},"secondaryOffset":100,"strategyPriorities":{"type":"CIMMaplexStrategyPriorities","stacking":1,"overrun":2,"fontCompression":3,"fontReduction":4,"abbreviation":5},"thinningDistanceUnit":"Point","truncationMarkerCharacter":".","truncationMinimumLength":1,"truncationPreferredCharacters":"aeiou","truncationExcludedCharacters":"0123456789","polygonAnchorPointPerimeterInsetUnit":"Point"},"name":"Class 1","priority":-1,"standardLabelPlacementProperties":{"type":"CIMStandardLabelPlacementProperties","featureType":"Line","featureWeight":"None","labelWeight":"High","numLabelsOption":"OneLabelPerName","lineLabelPosition":{"type":"CIMStandardLineLabelPosition","above":true,"inLine":true,"parallel":true},"lineLabelPriorities":{"type":"CIMStandardLineLabelPriorities","aboveStart":3,"aboveAlong":3,"aboveEnd":3,"centerStart":3,"centerAlong":3,"centerEnd":3,"belowStart":3,"belowAlong":3,"belowEnd":3},"pointPlacementMethod":"AroundPoint","pointPlacementPriorities":{"type":"CIMStandardPointPlacementPriorities","aboveLeft":2,"aboveCenter":2,"aboveRight":1,"centerLeft":3,"centerRight":2,"belowLeft":3,"belowCenter":3,"belowRight":2},"rotationType":"Arithmetic","polygonPlacementMethod":"AlwaysHorizontal"},"textSymbol":{"type":"CIMSymbolReference","symbol":{"type":"CIMTextSymbol","blockProgression":"TTB","depth3D":1,"extrapolateBaselines":true,"fontEffects":"Normal","fontEncoding":"Unicode","fontFamilyName":"Tahoma","fontStyleName":"Regular","fontType":"Unspecified","haloSize":1,"height":10,"hinting":"Default","horizontalAlignment":"Left","kerning":true,"letterWidth":100,"ligatures":true,"lineGapType":"ExtraLeading","symbol":{"type":"CIMPolygonSymbol","symbolLayers":[{"type":"CIMSolidFill","enable":true,"color":{"type":"CIMRGBColor","values":[0,0,0,100]}}]},"textCase":"Normal","textDirection":"LTR","verticalAlignment":"Bottom","verticalGlyphOrientation":"Right","wordSpacing":100,"billboardMode3D":"FaceNearPlane"}},"useCodedValue":true,"visibility":true,"iD":-1}],"renderer":{"type":"CIMSimpleRenderer","patch":"Default","symbol":{"type":"CIMSymbolReference","symbol":{"type":"CIMPolygonSymbol","symbolLayers":[{"type":"CIMSolidStroke","enable":true,"capStyle":"Round","joinStyle":"Round","lineStyle3D":"Strip","miterLimit":10,"width":0.69999999999999996,"color":{"type":"CIMRGBColor","values":[110,110,110,100]}},{"type":"CIMSolidFill","enable":true,"color":{"type":"CIMRGBColor","values":[252.449999999999989,214.580000000000013,214.580000000000013,100]}}]}}},"scaleSymbols":true,"snappable":true}]}</LayerFile></DataProperties><SyncDate>20210317</SyncDate><SyncTime>17312000</SyncTime><ModDate>20210317</ModDate><ModTime>17312000</ModTime></Esri><dataIdInfo><envirDesc Sync="TRUE">Microsoft Windows 10 Version 10.0 (Build 19041) ; Esri ArcGIS 12.7.0.26828</envirDesc><dataLang><languageCode value="eng" Sync="TRUE"></languageCode><countryCode value="USA" Sync="TRUE"></countryCode></dataLang><idCitation><resTitle Sync="TRUE">lancaster_county</resTitle><presForm><PresFormCd value="005" Sync="TRUE"></PresFormCd></presForm></idCitation><spatRpType><SpatRepTypCd value="001" Sync="TRUE"></SpatRepTypCd></spatRpType></dataIdInfo><mdLang><languageCode value="eng" Sync="TRUE"></languageCode><countryCode value="USA" Sync="TRUE"></countryCode></mdLang><mdChar><CharSetCd value="004" Sync="TRUE"></CharSetCd></mdChar><distInfo><distFormat><formatName Sync="TRUE">Shapefile</formatName></distFormat><distTranOps><transSize Sync="TRUE">0.000</transSize></distTranOps></distInfo><mdHrLv><ScopeCd value="005" Sync="TRUE"></ScopeCd></mdHrLv><mdHrLvName Sync="TRUE">dataset</mdHrLvName><refSysInfo><RefSystem><refSysID><identCode code="4326" Sync="TRUE"></identCode><idCodeSpace Sync="TRUE">EPSG</idCodeSpace><idVersion Sync="TRUE">6.2(3.0.1)</idVersion></refSysID></RefSystem></refSysInfo><spatRepInfo><VectSpatRep><geometObjs Name="lancaster_county"><geoObjTyp><GeoObjTypCd value="002" Sync="TRUE"></GeoObjTypCd></geoObjTyp><geoObjCnt Sync="TRUE">0</geoObjCnt></geometObjs><topLvl><TopoLevCd value="001" Sync="TRUE"></TopoLevCd></topLvl></VectSpatRep></spatRepInfo><spdoinfo><ptvctinf><esriterm Name="lancaster_county"><efeatyp Sync="TRUE">Simple</efeatyp><efeageom code="4" Sync="TRUE"></efeageom><esritopo Sync="TRUE">FALSE</esritopo><efeacnt Sync="TRUE">0</efeacnt><spindex Sync="TRUE">FALSE</spindex><linrefer Sync="TRUE">FALSE</linrefer></esriterm></ptvctinf></spdoinfo><eainfo><detailed Name="lancaster_county"><enttyp><enttypl Sync="TRUE">lancaster_county</enttypl><enttypt Sync="TRUE">Feature Class</enttypt><enttypc Sync="TRUE">0</enttypc></enttyp><attr><attrlabl Sync="TRUE">FID</attrlabl><attalias Sync="TRUE">FID</attalias><attrtype Sync="TRUE">OID</attrtype><attwidth Sync="TRUE">4</attwidth><atprecis Sync="TRUE">0</atprecis><attscale Sync="TRUE">0</attscale><attrdef Sync="TRUE">Internal feature number.</attrdef><attrdefs Sync="TRUE">Esri</attrdefs><attrdomv><udom Sync="TRUE">Sequential unique whole numbers that are automatically generated.</udom></attrdomv></attr><attr><attrlabl Sync="TRUE">Shape</attrlabl><attalias Sync="TRUE">Shape</attalias><attrtype Sync="TRUE">Geometry</attrtype><attwidth Sync="TRUE">0</attwidth><atprecis Sync="TRUE">0</atprecis><attscale Sync="TRUE">0</attscale><attrdef Sync="TRUE">Feature geometry.</attrdef><attrdefs Sync="TRUE">Esri</attrdefs><attrdomv><udom Sync="TRUE">Coordinates defining the features.</udom></attrdomv></attr><attr><attrlabl Sync="TRUE">OBJECTID</attrlabl><attalias Sync="TRUE">OBJECTID</attalias><attrtype Sync="TRUE">SmallInteger</attrtype><attwidth Sync="TRUE">2</attwidth><atprecis Sync="TRUE">2</atprecis><attscale Sync="TRUE">0</attscale></attr><attr><attrlabl Sync="TRUE">STATEFP10</attrlabl><attalias Sync="TRUE">STATEFP10</attalias><attrtype Sync="TRUE">String</attrtype><attwidth Sync="TRUE">2</attwidth><atprecis Sync="TRUE">0</atprecis><attscale Sync="TRUE">0</attscale></attr><attr><attrlabl Sync="TRUE">COUNTYFP10</attrlabl><attalias Sync="TRUE">COUNTYFP10</attalias><attrtype Sync="TRUE">String</attrtype><attwidth Sync="TRUE">3</attwidth><atprecis Sync="TRUE">0</atprecis><attscale Sync="TRUE">0</attscale></attr><attr><attrlabl Sync="TRUE">COUNTYNS10</attrlabl><attalias Sync="TRUE">COUNTYNS10</attalias><attrtype Sync="TRUE">String</attrtype><attwidth Sync="TRUE">8</attwidth><atprecis Sync="TRUE">0</atprecis><attscale Sync="TRUE">0</attscale></attr><attr><attrlabl Sync="TRUE">GEOID10</attrlabl><attalias Sync="TRUE">GEOID10</attalias><attrtype Sync="TRUE">String</attrtype><attwidth Sync="TRUE">5</attwidth><atprecis Sync="TRUE">0</atprecis><attscale Sync="TRUE">0</attscale></attr><attr><attrlabl Sync="TRUE">NAME10</attrlabl><attalias Sync="TRUE">NAME10</attalias><attrtype Sync="TRUE">String</attrtype><attwidth Sync="TRUE">12</attwidth><atprecis Sync="TRUE">0</atprecis><attscale Sync="TRUE">0</attscale></attr><attr><attrlabl Sync="TRUE">NAMELSAD10</attrlabl><attalias Sync="TRUE">NAMELSAD10</attalias><attrtype Sync="TRUE">String</attrtype><attwidth Sync="TRUE">19</attwidth><atprecis Sync="TRUE">0</atprecis><attscale Sync="TRUE">0</attscale></attr><attr><attrlabl Sync="TRUE">LSAD10</attrlabl><attalias Sync="TRUE">LSAD10</attalias><attrtype Sync="TRUE">String</attrtype><attwidth Sync="TRUE">2</attwidth><atprecis Sync="TRUE">0</atprecis><attscale Sync="TRUE">0</attscale></attr><attr><attrlabl Sync="TRUE">CLASSFP10</attrlabl><attalias Sync="TRUE">CLASSFP10</attalias><attrtype Sync="TRUE">String</attrtype><attwidth Sync="TRUE">2</attwidth><atprecis Sync="TRUE">0</atprecis><attscale Sync="TRUE">0</attscale></attr><attr><attrlabl Sync="TRUE">MTFCC10</attrlabl><attalias Sync="TRUE">MTFCC10</attalias><attrtype Sync="TRUE">String</attrtype><attwidth Sync="TRUE">5</attwidth><atprecis Sync="TRUE">0</atprecis><attscale Sync="TRUE">0</attscale></attr><attr><attrlabl Sync="TRUE">CSAFP10</attrlabl><attalias Sync="TRUE">CSAFP10</attalias><attrtype Sync="TRUE">String</attrtype><attwidth Sync="TRUE">3</attwidth><atprecis Sync="TRUE">0</atprecis><attscale Sync="TRUE">0</attscale></attr><attr><attrlabl Sync="TRUE">CBSAFP10</attrlabl><attalias Sync="TRUE">CBSAFP10</attalias><attrtype Sync="TRUE">String</attrtype><attwidth Sync="TRUE">5</attwidth><atprecis Sync="TRUE">0</atprecis><attscale Sync="TRUE">0</attscale></attr><attr><attrlabl Sync="TRUE">METDIVFP10</attrlabl><attalias Sync="TRUE">METDIVFP10</attalias><attrtype Sync="TRUE">String</attrtype><attwidth Sync="TRUE">1</attwidth><atprecis Sync="TRUE">0</atprecis><attscale Sync="TRUE">0</attscale></attr><attr><attrlabl Sync="TRUE">FUNCSTAT10</attrlabl><attalias Sync="TRUE">FUNCSTAT10</attalias><attrtype Sync="TRUE">String</attrtype><attwidth Sync="TRUE">1</attwidth><atprecis Sync="TRUE">0</atprecis><attscale Sync="TRUE">0</attscale></attr><attr><attrlabl Sync="TRUE">ALAND10</attrlabl><attalias Sync="TRUE">ALAND10</attalias><attrtype Sync="TRUE">Double</attrtype><attwidth Sync="TRUE">11</attwidth><atprecis Sync="TRUE">11</atprecis><attscale Sync="TRUE">0</attscale></attr><attr><attrlabl Sync="TRUE">AWATER10</attrlabl><attalias Sync="TRUE">AWATER10</attalias><attrtype Sync="TRUE">Integer</attrtype><attwidth Sync="TRUE">9</attwidth><atprecis Sync="TRUE">9</atprecis><attscale Sync="TRUE">0</attscale></attr><attr><attrlabl Sync="TRUE">INTPTLAT10</attrlabl><attalias Sync="TRUE">INTPTLAT10</attalias><attrtype Sync="TRUE">String</attrtype><attwidth Sync="TRUE">11</attwidth><atprecis Sync="TRUE">0</atprecis><attscale Sync="TRUE">0</attscale></attr><attr><attrlabl Sync="TRUE">INTPTLON10</attrlabl><attalias Sync="TRUE">INTPTLON10</attalias><attrtype Sync="TRUE">String</attrtype><attwidth Sync="TRUE">12</attwidth><atprecis Sync="TRUE">0</atprecis><attscale Sync="TRUE">0</attscale></attr><attr><attrlabl Sync="TRUE">Shape_Leng</attrlabl><attalias Sync="TRUE">Shape_Leng</attalias><attrtype Sync="TRUE">Double</attrtype><attwidth Sync="TRUE">19</attwidth><atprecis Sync="TRUE">18</atprecis><attscale Sync="TRUE">15</attscale></attr><attr><attrlabl Sync="TRUE">GEOID10_1</attrlabl><attalias Sync="TRUE">GEOID10_1</attalias><attrtype Sync="TRUE">String</attrtype><attwidth Sync="TRUE">12</attwidth><atprecis Sync="TRUE">0</atprecis><attscale Sync="TRUE">0</attscale></attr><attr><attrlabl Sync="TRUE">GEOID</attrlabl><attalias Sync="TRUE">GEOID</attalias><attrtype Sync="TRUE">String</attrtype><attwidth Sync="TRUE">5</attwidth><atprecis Sync="TRUE">0</atprecis><attscale Sync="TRUE">0</attscale></attr><attr><attrlabl Sync="TRUE">SUMLEVEL</attrlabl><attalias Sync="TRUE">SUMLEVEL</attalias><attrtype Sync="TRUE">SmallInteger</attrtype><attwidth Sync="TRUE">2</attwidth><atprecis Sync="TRUE">2</atprecis><attscale Sync="TRUE">0</attscale></attr><attr><attrlabl Sync="TRUE">ST</attrlabl><attalias Sync="TRUE">ST</attalias><attrtype Sync="TRUE">SmallInteger</attrtype><attwidth Sync="TRUE">2</attwidth><atprecis Sync="TRUE">2</atprecis><attscale Sync="TRUE">0</attscale></attr><attr><attrlabl Sync="TRUE">NAME</attrlabl><attalias Sync="TRUE">NAME</attalias><attrtype Sync="TRUE">String</attrtype><attwidth Sync="TRUE">29</attwidth><atprecis Sync="TRUE">0</atprecis><attscale Sync="TRUE">0</attscale></attr><attr><attrlabl Sync="TRUE">COUNTY</attrlabl><attalias Sync="TRUE">COUNTY</attalias><attrtype Sync="TRUE">String</attrtype><attwidth Sync="TRUE">3</attwidth><atprecis Sync="TRUE">0</atprecis><attscale Sync="TRUE">0</attscale></attr><attr><attrlabl Sync="TRUE">TRACT</attrlabl><attalias Sync="TRUE">TRACT</attalias><attrtype Sync="TRUE">String</attrtype><attwidth Sync="TRUE">4</attwidth><atprecis Sync="TRUE">0</atprecis><attscale Sync="TRUE">0</attscale></attr><attr><attrlabl Sync="TRUE">BLKGRP</attrlabl><attalias Sync="TRUE">BLKGRP</attalias><attrtype Sync="TRUE">String</attrtype><attwidth Sync="TRUE">4</attwidth><atprecis Sync="TRUE">0</atprecis><attscale Sync="TRUE">0</attscale></attr><attr><attrlabl Sync="TRUE">Total</attrlabl><attalias Sync="TRUE">Total</attalias><attrtype Sync="TRUE">Integer</attrtype><attwidth Sync="TRUE">6</attwidth><atprecis Sync="TRUE">6</atprecis><attscale Sync="TRUE">0</attscale></attr><attr><attrlabl Sync="TRUE">Male</attrlabl><attalias Sync="TRUE">Male</attalias><attrtype Sync="TRUE">Integer</attrtype><attwidth Sync="TRUE">6</attwidth><atprecis Sync="TRUE">6</atprecis><attscale Sync="TRUE">0</attscale></attr><attr><attrlabl Sync="TRUE">MUn5Y</attrlabl><attalias Sync="TRUE">MUn5Y</attalias><attrtype Sync="TRUE">Integer</attrtype><attwidth Sync="TRUE">5</attwidth><atprecis Sync="TRUE">5</atprecis><attscale Sync="TRUE">0</attscale></attr><attr><attrlabl Sync="TRUE">M5to9Y</attrlabl><attalias Sync="TRUE">M5to9Y</attalias><attrtype Sync="TRUE">Integer</attrtype><attwidth Sync="TRUE">5</attwidth><atprecis Sync="TRUE">5</atprecis><attscale Sync="TRUE">0</attscale></attr><attr><attrlabl Sync="TRUE">M10to14Y</attrlabl><attalias Sync="TRUE">M10to14Y</attalias><attrtype Sync="TRUE">Integer</attrtype><attwidth Sync="TRUE">5</attwidth><atprecis Sync="TRUE">5</atprecis><attscale Sync="TRUE">0</attscale></attr><attr><attrlabl Sync="TRUE">M15to17Y</attrlabl><attalias Sync="TRUE">M15to17Y</attalias><attrtype Sync="TRUE">Integer</attrtype><attwidth Sync="TRUE">5</attwidth><atprecis Sync="TRUE">5</atprecis><attscale Sync="TRUE">0</attscale></attr><attr><attrlabl Sync="TRUE">M18and19Y</attrlabl><attalias Sync="TRUE">M18and19Y</attalias><attrtype Sync="TRUE">SmallInteger</attrtype><attwidth Sync="TRUE">4</attwidth><atprecis Sync="TRUE">4</atprecis><attscale Sync="TRUE">0</attscale></attr><attr><attrlabl Sync="TRUE">M20Y</attrlabl><attalias Sync="TRUE">M20Y</attalias><attrtype Sync="TRUE">SmallInteger</attrtype><attwidth Sync="TRUE">4</attwidth><atprecis Sync="TRUE">4</atprecis><attscale Sync="TRUE">0</attscale></attr><attr><attrlabl Sync="TRUE">M21Y</attrlabl><attalias Sync="TRUE">M21Y</attalias><attrtype Sync="TRUE">SmallInteger</attrtype><attwidth Sync="TRUE">4</attwidth><atprecis Sync="TRUE">4</atprecis><attscale Sync="TRUE">0</attscale></attr><attr><attrlabl Sync="TRUE">M22to24Y</attrlabl><attalias Sync="TRUE">M22to24Y</attalias><attrtype Sync="TRUE">Integer</attrtype><attwidth Sync="TRUE">5</attwidth><atprecis Sync="TRUE">5</atprecis><attscale Sync="TRUE">0</attscale></attr><attr><attrlabl Sync="TRUE">M25to29Y</attrlabl><attalias Sync="TRUE">M25to29Y</attalias><attrtype Sync="TRUE">Integer</attrtype><attwidth Sync="TRUE">5</attwidth><atprecis Sync="TRUE">5</atprecis><attscale Sync="TRUE">0</attscale></attr><attr><attrlabl Sync="TRUE">M30to34Y</attrlabl><attalias Sync="TRUE">M30to34Y</attalias><attrtype Sync="TRUE">Integer</attrtype><attwidth Sync="TRUE">5</attwidth><atprecis Sync="TRUE">5</atprecis><attscale Sync="TRUE">0</attscale></attr><attr><attrlabl Sync="TRUE">M35to39Y</attrlabl><attalias Sync="TRUE">M35to39Y</attalias><attrtype Sync="TRUE">Integer</attrtype><attwidth Sync="TRUE">5</attwidth><atprecis Sync="TRUE">5</atprecis><attscale Sync="TRUE">0</attscale></attr><attr><attrlabl Sync="TRUE">M40to44Y</attrlabl><attalias Sync="TRUE">M40to44Y</attalias><attrtype Sync="TRUE">Integer</attrtype><attwidth Sync="TRUE">5</attwidth><atprecis Sync="TRUE">5</atprecis><attscale Sync="TRUE">0</attscale></attr><attr><attrlabl Sync="TRUE">M45to49Y</attrlabl><attalias Sync="TRUE">M45to49Y</attalias><attrtype Sync="TRUE">Integer</attrtype><attwidth Sync="TRUE">5</attwidth><atprecis Sync="TRUE">5</atprecis><attscale Sync="TRUE">0</attscale></attr><attr><attrlabl Sync="TRUE">M50to54Y</attrlabl><attalias Sync="TRUE">M50to54Y</attalias><attrtype Sync="TRUE">Integer</attrtype><attwidth Sync="TRUE">5</attwidth><atprecis Sync="TRUE">5</atprecis><attscale Sync="TRUE">0</attscale></attr><attr><attrlabl Sync="TRUE">M55to59Y</attrlabl><attalias Sync="TRUE">M55to59Y</attalias><attrtype Sync="TRUE">Integer</attrtype><attwidth Sync="TRUE">5</attwidth><atprecis Sync="TRUE">5</atprecis><attscale Sync="TRUE">0</attscale></attr><attr><attrlabl Sync="TRUE">M60and61Y</attrlabl><attalias Sync="TRUE">M60and61Y</attalias><attrtype Sync="TRUE">SmallInteger</attrtype><attwidth Sync="TRUE">4</attwidth><atprecis Sync="TRUE">4</atprecis><attscale Sync="TRUE">0</attscale></attr><attr><attrlabl Sync="TRUE">M62to64Y</attrlabl><attalias Sync="TRUE">M62to64Y</attalias><attrtype Sync="TRUE">SmallInteger</attrtype><attwidth Sync="TRUE">4</attwidth><atprecis Sync="TRUE">4</atprecis><attscale Sync="TRUE">0</attscale></attr><attr><attrlabl Sync="TRUE">M65and66Y</attrlabl><attalias Sync="TRUE">M65and66Y</attalias><attrtype Sync="TRUE">SmallInteger</attrtype><attwidth Sync="TRUE">4</attwidth><atprecis Sync="TRUE">4</atprecis><attscale Sync="TRUE">0</attscale></attr><attr><attrlabl Sync="TRUE">M67to69Y</attrlabl><attalias Sync="TRUE">M67to69Y</attalias><attrtype Sync="TRUE">SmallInteger</attrtype><attwidth Sync="TRUE">4</attwidth><atprecis Sync="TRUE">4</atprecis><attscale Sync="TRUE">0</attscale></attr><attr><attrlabl Sync="TRUE">M70to74Y</attrlabl><attalias Sync="TRUE">M70to74Y</attalias><attrtype Sync="TRUE">SmallInteger</attrtype><attwidth Sync="TRUE">4</attwidth><atprecis Sync="TRUE">4</atprecis><attscale Sync="TRUE">0</attscale></attr><attr><attrlabl Sync="TRUE">M75to79Y</attrlabl><attalias Sync="TRUE">M75to79Y</attalias><attrtype Sync="TRUE">SmallInteger</attrtype><attwidth Sync="TRUE">4</attwidth><atprecis Sync="TRUE">4</atprecis><attscale Sync="TRUE">0</attscale></attr><attr><attrlabl Sync="TRUE">M80to84Y</attrlabl><attalias Sync="TRUE">M80to84Y</attalias><attrtype Sync="TRUE">SmallInteger</attrtype><attwidth Sync="TRUE">4</attwidth><atprecis Sync="TRUE">4</atprecis><attscale Sync="TRUE">0</attscale></attr><attr><attrlabl Sync="TRUE">MOv85Y</attrlabl><attalias Sync="TRUE">MOv85Y</attalias><attrtype Sync="TRUE">SmallInteger</attrtype><attwidth Sync="TRUE">4</attwidth><atprecis Sync="TRUE">4</atprecis><attscale Sync="TRUE">0</attscale></attr><attr><attrlabl Sync="TRUE">Female</attrlabl><attalias Sync="TRUE">Female</attalias><attrtype Sync="TRUE">Integer</attrtype><attwidth Sync="TRUE">6</attwidth><atprecis Sync="TRUE">6</atprecis><attscale Sync="TRUE">0</attscale></attr><attr><attrlabl Sync="TRUE">FUn5Y</attrlabl><attalias Sync="TRUE">FUn5Y</attalias><attrtype Sync="TRUE">Integer</attrtype><attwidth Sync="TRUE">5</attwidth><atprecis Sync="TRUE">5</atprecis><attscale Sync="TRUE">0</attscale></attr><attr><attrlabl Sync="TRUE">F5to9Y</attrlabl><attalias Sync="TRUE">F5to9Y</attalias><attrtype Sync="TRUE">Integer</attrtype><attwidth Sync="TRUE">5</attwidth><atprecis Sync="TRUE">5</atprecis><attscale Sync="TRUE">0</attscale></attr><attr><attrlabl Sync="TRUE">F10to14Y</attrlabl><attalias Sync="TRUE">F10to14Y</attalias><attrtype Sync="TRUE">Integer</attrtype><attwidth Sync="TRUE">5</attwidth><atprecis Sync="TRUE">5</atprecis><attscale Sync="TRUE">0</attscale></attr><attr><attrlabl Sync="TRUE">F15to17Y</attrlabl><attalias Sync="TRUE">F15to17Y</attalias><attrtype Sync="TRUE">Integer</attrtype><attwidth Sync="TRUE">5</attwidth><atprecis Sync="TRUE">5</atprecis><attscale Sync="TRUE">0</attscale></attr><attr><attrlabl Sync="TRUE">F18and19Y</attrlabl><attalias Sync="TRUE">F18and19Y</attalias><attrtype Sync="TRUE">SmallInteger</attrtype><attwidth Sync="TRUE">4</attwidth><atprecis Sync="TRUE">4</atprecis><attscale Sync="TRUE">0</attscale></attr><attr><attrlabl Sync="TRUE">F20Y</attrlabl><attalias Sync="TRUE">F20Y</attalias><attrtype Sync="TRUE">SmallInteger</attrtype><attwidth Sync="TRUE">4</attwidth><atprecis Sync="TRUE">4</atprecis><attscale Sync="TRUE">0</attscale></attr><attr><attrlabl Sync="TRUE">F21Y</attrlabl><attalias Sync="TRUE">F21Y</attalias><attrtype Sync="TRUE">SmallInteger</attrtype><attwidth Sync="TRUE">4</attwidth><atprecis Sync="TRUE">4</atprecis><attscale Sync="TRUE">0</attscale></attr><attr><attrlabl Sync="TRUE">F22to24Y</attrlabl><attalias Sync="TRUE">F22to24Y</attalias><attrtype Sync="TRUE">Integer</attrtype><attwidth Sync="TRUE">5</attwidth><atprecis Sync="TRUE">5</atprecis><attscale Sync="TRUE">0</attscale></attr><attr><attrlabl Sync="TRUE">F25to29Y</attrlabl><attalias Sync="TRUE">F25to29Y</attalias><attrtype Sync="TRUE">Integer</attrtype><attwidth Sync="TRUE">5</attwidth><atprecis Sync="TRUE">5</atprecis><attscale Sync="TRUE">0</attscale></attr><attr><attrlabl Sync="TRUE">F30to34Y</attrlabl><attalias Sync="TRUE">F30to34Y</attalias><attrtype Sync="TRUE">Integer</attrtype><attwidth Sync="TRUE">5</attwidth><atprecis Sync="TRUE">5</atprecis><attscale Sync="TRUE">0</attscale></attr><attr><attrlabl Sync="TRUE">F35to39Y</attrlabl><attalias Sync="TRUE">F35to39Y</attalias><attrtype Sync="TRUE">Integer</attrtype><attwidth Sync="TRUE">5</attwidth><atprecis Sync="TRUE">5</atprecis><attscale Sync="TRUE">0</attscale></attr><attr><attrlabl Sync="TRUE">F40to44Y</attrlabl><attalias Sync="TRUE">F40to44Y</attalias><attrtype Sync="TRUE">Integer</attrtype><attwidth Sync="TRUE">5</attwidth><atprecis Sync="TRUE">5</atprecis><attscale Sync="TRUE">0</attscale></attr><attr><attrlabl Sync="TRUE">F45to49Y</attrlabl><attalias Sync="TRUE">F45to49Y</attalias><attrtype Sync="TRUE">Integer</attrtype><attwidth Sync="TRUE">5</attwidth><atprecis Sync="TRUE">5</atprecis><attscale Sync="TRUE">0</attscale></attr><attr><attrlabl Sync="TRUE">F50to54Y</attrlabl><attalias Sync="TRUE">F50to54Y</attalias><attrtype Sync="TRUE">Integer</attrtype><attwidth Sync="TRUE">5</attwidth><atprecis Sync="TRUE">5</atprecis><attscale Sync="TRUE">0</attscale></attr><attr><attrlabl Sync="TRUE">F55to59Y</attrlabl><attalias Sync="TRUE">F55to59Y</attalias><attrtype Sync="TRUE">Integer</attrtype><attwidth Sync="TRUE">5</attwidth><atprecis Sync="TRUE">5</atprecis><attscale Sync="TRUE">0</attscale></attr><attr><attrlabl Sync="TRUE">F60and61Y</attrlabl><attalias Sync="TRUE">F60and61Y</attalias><attrtype Sync="TRUE">SmallInteger</attrtype><attwidth Sync="TRUE">4</attwidth><atprecis Sync="TRUE">4</atprecis><attscale Sync="TRUE">0</attscale></attr><attr><attrlabl Sync="TRUE">F62to64Y</attrlabl><attalias Sync="TRUE">F62to64Y</attalias><attrtype Sync="TRUE">SmallInteger</attrtype><attwidth Sync="TRUE">4</attwidth><atprecis Sync="TRUE">4</atprecis><attscale Sync="TRUE">0</attscale></attr><attr><attrlabl Sync="TRUE">F65and66Y</attrlabl><attalias Sync="TRUE">F65and66Y</attalias><attrtype Sync="TRUE">SmallInteger</attrtype><attwidth Sync="TRUE">4</attwidth><atprecis Sync="TRUE">4</atprecis><attscale Sync="TRUE">0</attscale></attr><attr><attrlabl Sync="TRUE">F67to69Y</attrlabl><attalias Sync="TRUE">F67to69Y</attalias><attrtype Sync="TRUE">SmallInteger</attrtype><attwidth Sync="TRUE">4</attwidth><atprecis Sync="TRUE">4</atprecis><attscale Sync="TRUE">0</attscale></attr><attr><attrlabl Sync="TRUE">F70to74Y</attrlabl><attalias Sync="TRUE">F70to74Y</attalias><attrtype Sync="TRUE">SmallInteger</attrtype><attwidth Sync="TRUE">4</attwidth><atprecis Sync="TRUE">4</atprecis><attscale Sync="TRUE">0</attscale></attr><attr><attrlabl Sync="TRUE">F75to79Y</attrlabl><attalias Sync="TRUE">F75to79Y</attalias><attrtype Sync="TRUE">SmallInteger</attrtype><attwidth Sync="TRUE">4</attwidth><atprecis Sync="TRUE">4</atprecis><attscale Sync="TRUE">0</attscale></attr><attr><attrlabl Sync="TRUE">F80to84Y</attrlabl><attalias Sync="TRUE">F80to84Y</attalias><attrtype Sync="TRUE">SmallInteger</attrtype><attwidth Sync="TRUE">4</attwidth><atprecis Sync="TRUE">4</atprecis><attscale Sync="TRUE">0</attscale></attr><attr><attrlabl Sync="TRUE">FOv85Y</attrlabl><attalias Sync="TRUE">FOv85Y</attalias><attrtype Sync="TRUE">SmallInteger</attrtype><attwidth Sync="TRUE">4</attwidth><atprecis Sync="TRUE">4</atprecis><attscale Sync="TRUE">0</attscale></attr><attr><attrlabl Sync="TRUE">MedianAge</attrlabl><attalias Sync="TRUE">MedianAge</attalias><attrtype Sync="TRUE">Double</attrtype><attwidth Sync="TRUE">19</attwidth><atprecis Sync="TRUE">18</atprecis><attscale Sync="TRUE">15</attscale></attr><attr><attrlabl Sync="TRUE">MedianAgeM</attrlabl><attalias Sync="TRUE">MedianAgeM</attalias><attrtype Sync="TRUE">Double</attrtype><attwidth Sync="TRUE">19</attwidth><atprecis Sync="TRUE">18</atprecis><attscale Sync="TRUE">15</attscale></attr><attr><attrlabl Sync="TRUE">MedianAgeF</attrlabl><attalias Sync="TRUE">MedianAgeF</attalias><attrtype Sync="TRUE">Double</attrtype><attwidth Sync="TRUE">19</attwidth><atprecis Sync="TRUE">18</atprecis><attscale Sync="TRUE">15</attscale></attr><attr><attrlabl Sync="TRUE">TotalRace</attrlabl><attalias Sync="TRUE">TotalRace</attalias><attrtype Sync="TRUE">Integer</attrtype><attwidth Sync="TRUE">6</attwidth><atprecis Sync="TRUE">6</atprecis><attscale Sync="TRUE">0</attscale></attr><attr><attrlabl Sync="TRUE">White</attrlabl><attalias Sync="TRUE">White</attalias><attrtype Sync="TRUE">Integer</attrtype><attwidth Sync="TRUE">6</attwidth><atprecis Sync="TRUE">6</atprecis><attscale Sync="TRUE">0</attscale></attr><attr><attrlabl Sync="TRUE">BlackorAA</attrlabl><attalias Sync="TRUE">BlackorAA</attalias><attrtype Sync="TRUE">Integer</attrtype><attwidth Sync="TRUE">5</attwidth><atprecis Sync="TRUE">5</atprecis><attscale Sync="TRUE">0</attscale></attr><attr><attrlabl Sync="TRUE">AmIndAlNat</attrlabl><attalias Sync="TRUE">AmIndAlNat</attalias><attrtype Sync="TRUE">SmallInteger</attrtype><attwidth Sync="TRUE">4</attwidth><atprecis Sync="TRUE">4</atprecis><attscale Sync="TRUE">0</attscale></attr><attr><attrlabl Sync="TRUE">Asian</attrlabl><attalias Sync="TRUE">Asian</attalias><attrtype Sync="TRUE">Integer</attrtype><attwidth Sync="TRUE">5</attwidth><atprecis Sync="TRUE">5</atprecis><attscale Sync="TRUE">0</attscale></attr><attr><attrlabl Sync="TRUE">NHawOPacIs</attrlabl><attalias Sync="TRUE">NHawOPacIs</attalias><attrtype Sync="TRUE">SmallInteger</attrtype><attwidth Sync="TRUE">3</attwidth><atprecis Sync="TRUE">3</atprecis><attscale Sync="TRUE">0</attscale></attr><attr><attrlabl Sync="TRUE">Other</attrlabl><attalias Sync="TRUE">Other</attalias><attrtype Sync="TRUE">Integer</attrtype><attwidth Sync="TRUE">5</attwidth><atprecis Sync="TRUE">5</atprecis><attscale Sync="TRUE">0</attscale></attr><attr><attrlabl Sync="TRUE">R2orMore</attrlabl><attalias Sync="TRUE">R2orMore</attalias><attrtype Sync="TRUE">Integer</attrtype><attwidth Sync="TRUE">5</attwidth><atprecis Sync="TRUE">5</atprecis><attscale Sync="TRUE">0</attscale></attr><attr><attrlabl Sync="TRUE">R2orMInOth</attrlabl><attalias Sync="TRUE">R2orMInOth</attalias><attrtype Sync="TRUE">SmallInteger</attrtype><attwidth Sync="TRUE">4</attwidth><atprecis Sync="TRUE">4</atprecis><attscale Sync="TRUE">0</attscale></attr><attr><attrlabl Sync="TRUE">R2orMNO3R</attrlabl><attalias Sync="TRUE">R2orMNO3R</attalias><attrtype Sync="TRUE">Integer</attrtype><attwidth Sync="TRUE">5</attwidth><atprecis Sync="TRUE">5</atprecis><attscale Sync="TRUE">0</attscale></attr><attr><attrlabl Sync="TRUE">TotHispNoH</attrlabl><attalias Sync="TRUE">TotHispNoH</attalias><attrtype Sync="TRUE">Integer</attrtype><attwidth Sync="TRUE">6</attwidth><atprecis Sync="TRUE">6</atprecis><attscale Sync="TRUE">0</attscale></attr><attr><attrlabl Sync="TRUE">NotHisp</attrlabl><attalias Sync="TRUE">NotHisp</attalias><attrtype Sync="TRUE">Integer</attrtype><attwidth Sync="TRUE">6</attwidth><atprecis Sync="TRUE">6</atprecis><attscale Sync="TRUE">0</attscale></attr><attr><attrlabl Sync="TRUE">Hisp</attrlabl><attalias Sync="TRUE">Hisp</attalias><attrtype Sync="TRUE">Integer</attrtype><attwidth Sync="TRUE">5</attwidth><atprecis Sync="TRUE">5</atprecis><attscale Sync="TRUE">0</attscale></attr><attr><attrlabl Sync="TRUE">TotalHouse</attrlabl><attalias Sync="TRUE">TotalHouse</attalias><attrtype Sync="TRUE">Integer</attrtype><attwidth Sync="TRUE">6</attwidth><atprecis Sync="TRUE">6</atprecis><attscale Sync="TRUE">0</attscale></attr><attr><attrlabl Sync="TRUE">FamHouse</attrlabl><attalias Sync="TRUE">FamHouse</attalias><attrtype Sync="TRUE">Integer</attrtype><attwidth Sync="TRUE">6</attwidth><atprecis Sync="TRUE">6</atprecis><attscale Sync="TRUE">0</attscale></attr><attr><attrlabl Sync="TRUE">FHMarrCoup</attrlabl><attalias Sync="TRUE">FHMarrCoup</attalias><attrtype Sync="TRUE">Integer</attrtype><attwidth Sync="TRUE">5</attwidth><atprecis Sync="TRUE">5</atprecis><attscale Sync="TRUE">0</attscale></attr><attr><attrlabl Sync="TRUE">FHOthFam</attrlabl><attalias Sync="TRUE">FHOthFam</attalias><attrtype Sync="TRUE">Integer</attrtype><attwidth Sync="TRUE">5</attwidth><atprecis Sync="TRUE">5</atprecis><attscale Sync="TRUE">0</attscale></attr><attr><attrlabl Sync="TRUE">FHMaleHous</attrlabl><attalias Sync="TRUE">FHMaleHous</attalias><attrtype Sync="TRUE">SmallInteger</attrtype><attwidth Sync="TRUE">4</attwidth><atprecis Sync="TRUE">4</atprecis><attscale Sync="TRUE">0</attscale></attr><attr><attrlabl Sync="TRUE">FHFemHous</attrlabl><attalias Sync="TRUE">FHFemHous</attalias><attrtype Sync="TRUE">Integer</attrtype><attwidth Sync="TRUE">5</attwidth><atprecis Sync="TRUE">5</atprecis><attscale Sync="TRUE">0</attscale></attr><attr><attrlabl Sync="TRUE">NonFamHous</attrlabl><attalias Sync="TRUE">NonFamHous</attalias><attrtype Sync="TRUE">Integer</attrtype><attwidth Sync="TRUE">5</attwidth><atprecis Sync="TRUE">5</atprecis><attscale Sync="TRUE">0</attscale></attr><attr><attrlabl Sync="TRUE">NFHAlone</attrlabl><attalias Sync="TRUE">NFHAlone</attalias><attrtype Sync="TRUE">Integer</attrtype><attwidth Sync="TRUE">5</attwidth><atprecis Sync="TRUE">5</atprecis><attscale Sync="TRUE">0</attscale></attr><attr><attrlabl Sync="TRUE">NFHNotAln</attrlabl><attalias Sync="TRUE">NFHNotAln</attalias><attrtype Sync="TRUE">Integer</attrtype><attwidth Sync="TRUE">5</attwidth><atprecis Sync="TRUE">5</atprecis><attscale Sync="TRUE">0</attscale></attr><attr><attrlabl Sync="TRUE">MedHousInc</attrlabl><attalias Sync="TRUE">MedHousInc</attalias><attrtype Sync="TRUE">Integer</attrtype><attwidth Sync="TRUE">5</attwidth><atprecis Sync="TRUE">5</atprecis><attscale Sync="TRUE">0</attscale></attr><attr><attrlabl Sync="TRUE">MedFamInc</attrlabl><attalias Sync="TRUE">MedFamInc</attalias><attrtype Sync="TRUE">Integer</attrtype><attwidth Sync="TRUE">5</attwidth><atprecis Sync="TRUE">5</atprecis><attscale Sync="TRUE">0</attscale></attr><attr><attrlabl Sync="TRUE">PerCapInc</attrlabl><attalias Sync="TRUE">PerCapInc</attalias><attrtype Sync="TRUE">Integer</attrtype><attwidth Sync="TRUE">5</attwidth><atprecis Sync="TRUE">5</atprecis><attscale Sync="TRUE">0</attscale></attr><attr><attrlabl Sync="TRUE">TotalUnits</attrlabl><attalias Sync="TRUE">TotalUnits</attalias><attrtype Sync="TRUE">Integer</attrtype><attwidth Sync="TRUE">6</attwidth><atprecis Sync="TRUE">6</atprecis><attscale Sync="TRUE">0</attscale></attr><attr><attrlabl Sync="TRUE">Occupied</attrlabl><attalias Sync="TRUE">Occupied</attalias><attrtype Sync="TRUE">Integer</attrtype><attwidth Sync="TRUE">6</attwidth><atprecis Sync="TRUE">6</atprecis><attscale Sync="TRUE">0</attscale></attr><attr><attrlabl Sync="TRUE">Vacant</attrlabl><attalias Sync="TRUE">Vacant</attalias><attrtype Sync="TRUE">Integer</attrtype><attwidth Sync="TRUE">5</attwidth><atprecis Sync="TRUE">5</atprecis><attscale Sync="TRUE">0</attscale></attr><attr><attrlabl Sync="TRUE">GrpQrtPop</attrlabl><attalias Sync="TRUE">GrpQrtPop</attalias><attrtype Sync="TRUE">Integer</attrtype><attwidth Sync="TRUE">5</attwidth><atprecis Sync="TRUE">5</atprecis><attscale Sync="TRUE">0</attscale></attr><attr><attrlabl Sync="TRUE">TotPop25Ov</attrlabl><attalias Sync="TRUE">TotPop25Ov</attalias><attrtype Sync="TRUE">Integer</attrtype><attwidth Sync="TRUE">6</attwidth><atprecis Sync="TRUE">6</atprecis><attscale Sync="TRUE">0</attscale></attr><attr><attrlabl Sync="TRUE">Male1</attrlabl><attalias Sync="TRUE">Male1</attalias><attrtype Sync="TRUE">Integer</attrtype><attwidth Sync="TRUE">6</attwidth><atprecis Sync="TRUE">6</atprecis><attscale Sync="TRUE">0</attscale></attr><attr><attrlabl Sync="TRUE">MNoSchool</attrlabl><attalias Sync="TRUE">MNoSchool</attalias><attrtype Sync="TRUE">SmallInteger</attrtype><attwidth Sync="TRUE">3</attwidth><atprecis Sync="TRUE">3</atprecis><attscale Sync="TRUE">0</attscale></attr><attr><attrlabl Sync="TRUE">MNursto4Gr</attrlabl><attalias Sync="TRUE">MNursto4Gr</attalias><attrtype Sync="TRUE">SmallInteger</attrtype><attwidth Sync="TRUE">4</attwidth><atprecis Sync="TRUE">4</atprecis><attscale Sync="TRUE">0</attscale></attr><attr><attrlabl Sync="TRUE">M5and6Gr</attrlabl><attalias Sync="TRUE">M5and6Gr</attalias><attrtype Sync="TRUE">SmallInteger</attrtype><attwidth Sync="TRUE">4</attwidth><atprecis Sync="TRUE">4</atprecis><attscale Sync="TRUE">0</attscale></attr><attr><attrlabl Sync="TRUE">M7and8Gr</attrlabl><attalias Sync="TRUE">M7and8Gr</attalias><attrtype Sync="TRUE">SmallInteger</attrtype><attwidth Sync="TRUE">4</attwidth><atprecis Sync="TRUE">4</atprecis><attscale Sync="TRUE">0</attscale></attr><attr><attrlabl Sync="TRUE">M9Gr</attrlabl><attalias Sync="TRUE">M9Gr</attalias><attrtype Sync="TRUE">SmallInteger</attrtype><attwidth Sync="TRUE">4</attwidth><atprecis Sync="TRUE">4</atprecis><attscale Sync="TRUE">0</attscale></attr><attr><attrlabl Sync="TRUE">M10Gr</attrlabl><attalias Sync="TRUE">M10Gr</attalias><attrtype Sync="TRUE">SmallInteger</attrtype><attwidth Sync="TRUE">4</attwidth><atprecis Sync="TRUE">4</atprecis><attscale Sync="TRUE">0</attscale></attr><attr><attrlabl Sync="TRUE">M11Gr</attrlabl><attalias Sync="TRUE">M11Gr</attalias><attrtype Sync="TRUE">SmallInteger</attrtype><attwidth Sync="TRUE">4</attwidth><atprecis Sync="TRUE">4</atprecis><attscale Sync="TRUE">0</attscale></attr><attr><attrlabl Sync="TRUE">M12GrNoDip</attrlabl><attalias Sync="TRUE">M12GrNoDip</attalias><attrtype Sync="TRUE">SmallInteger</attrtype><attwidth Sync="TRUE">4</attwidth><atprecis Sync="TRUE">4</atprecis><attscale Sync="TRUE">0</attscale></attr><attr><attrlabl Sync="TRUE">MHSGdorGED</attrlabl><attalias Sync="TRUE">MHSGdorGED</attalias><attrtype Sync="TRUE">Integer</attrtype><attwidth Sync="TRUE">5</attwidth><atprecis Sync="TRUE">5</atprecis><attscale Sync="TRUE">0</attscale></attr><attr><attrlabl Sync="TRUE">MColless1Y</attrlabl><attalias Sync="TRUE">MColless1Y</attalias><attrtype Sync="TRUE">Integer</attrtype><attwidth Sync="TRUE">5</attwidth><atprecis Sync="TRUE">5</atprecis><attscale Sync="TRUE">0</attscale></attr><attr><attrlabl Sync="TRUE">MColNoDeg</attrlabl><attalias Sync="TRUE">MColNoDeg</attalias><attrtype Sync="TRUE">Integer</attrtype><attwidth Sync="TRUE">5</attwidth><atprecis Sync="TRUE">5</atprecis><attscale Sync="TRUE">0</attscale></attr><attr><attrlabl Sync="TRUE">MAsscDeg</attrlabl><attalias Sync="TRUE">MAsscDeg</attalias><attrtype Sync="TRUE">SmallInteger</attrtype><attwidth Sync="TRUE">4</attwidth><atprecis Sync="TRUE">4</atprecis><attscale Sync="TRUE">0</attscale></attr><attr><attrlabl Sync="TRUE">MBachDeg</attrlabl><attalias Sync="TRUE">MBachDeg</attalias><attrtype Sync="TRUE">Integer</attrtype><attwidth Sync="TRUE">5</attwidth><atprecis Sync="TRUE">5</atprecis><attscale Sync="TRUE">0</attscale></attr><attr><attrlabl Sync="TRUE">MMastDeg</attrlabl><attalias Sync="TRUE">MMastDeg</attalias><attrtype Sync="TRUE">Integer</attrtype><attwidth Sync="TRUE">5</attwidth><atprecis Sync="TRUE">5</atprecis><attscale Sync="TRUE">0</attscale></attr><attr><attrlabl Sync="TRUE">MProfDeg</attrlabl><attalias Sync="TRUE">MProfDeg</attalias><attrtype Sync="TRUE">SmallInteger</attrtype><attwidth Sync="TRUE">4</attwidth><atprecis Sync="TRUE">4</atprecis><attscale Sync="TRUE">0</attscale></attr><attr><attrlabl Sync="TRUE">MDocDeg</attrlabl><attalias Sync="TRUE">MDocDeg</attalias><attrtype Sync="TRUE">SmallInteger</attrtype><attwidth Sync="TRUE">4</attwidth><atprecis Sync="TRUE">4</atprecis><attscale Sync="TRUE">0</attscale></attr><attr><attrlabl Sync="TRUE">Female1</attrlabl><attalias Sync="TRUE">Female1</attalias><attrtype Sync="TRUE">Integer</attrtype><attwidth Sync="TRUE">6</attwidth><atprecis Sync="TRUE">6</atprecis><attscale Sync="TRUE">0</attscale></attr><attr><attrlabl Sync="TRUE">FNoSchool</attrlabl><attalias Sync="TRUE">FNoSchool</attalias><attrtype Sync="TRUE">SmallInteger</attrtype><attwidth Sync="TRUE">3</attwidth><atprecis Sync="TRUE">3</atprecis><attscale Sync="TRUE">0</attscale></attr><attr><attrlabl Sync="TRUE">FNursto4Gr</attrlabl><attalias Sync="TRUE">FNursto4Gr</attalias><attrtype Sync="TRUE">SmallInteger</attrtype><attwidth Sync="TRUE">3</attwidth><atprecis Sync="TRUE">3</atprecis><attscale Sync="TRUE">0</attscale></attr><attr><attrlabl Sync="TRUE">F5and6Gr</attrlabl><attalias Sync="TRUE">F5and6Gr</attalias><attrtype Sync="TRUE">SmallInteger</attrtype><attwidth Sync="TRUE">4</attwidth><atprecis Sync="TRUE">4</atprecis><attscale Sync="TRUE">0</attscale></attr><attr><attrlabl Sync="TRUE">F7and8Gr</attrlabl><attalias Sync="TRUE">F7and8Gr</attalias><attrtype Sync="TRUE">SmallInteger</attrtype><attwidth Sync="TRUE">4</attwidth><atprecis Sync="TRUE">4</atprecis><attscale Sync="TRUE">0</attscale></attr><attr><attrlabl Sync="TRUE">F9Gr</attrlabl><attalias Sync="TRUE">F9Gr</attalias><attrtype Sync="TRUE">SmallInteger</attrtype><attwidth Sync="TRUE">4</attwidth><atprecis Sync="TRUE">4</atprecis><attscale Sync="TRUE">0</attscale></attr><attr><attrlabl Sync="TRUE">F10Gr</attrlabl><attalias Sync="TRUE">F10Gr</attalias><attrtype Sync="TRUE">SmallInteger</attrtype><attwidth Sync="TRUE">4</attwidth><atprecis Sync="TRUE">4</atprecis><attscale Sync="TRUE">0</attscale></attr><attr><attrlabl Sync="TRUE">F11Gr</attrlabl><attalias Sync="TRUE">F11Gr</attalias><attrtype Sync="TRUE">SmallInteger</attrtype><attwidth Sync="TRUE">4</attwidth><atprecis Sync="TRUE">4</atprecis><attscale Sync="TRUE">0</attscale></attr><attr><attrlabl Sync="TRUE">F12GrNoDip</attrlabl><attalias Sync="TRUE">F12GrNoDip</attalias><attrtype Sync="TRUE">SmallInteger</attrtype><attwidth Sync="TRUE">4</attwidth><atprecis Sync="TRUE">4</atprecis><attscale Sync="TRUE">0</attscale></attr><attr><attrlabl Sync="TRUE">FHSGdorGED</attrlabl><attalias Sync="TRUE">FHSGdorGED</attalias><attrtype Sync="TRUE">Integer</attrtype><attwidth Sync="TRUE">5</attwidth><atprecis Sync="TRUE">5</atprecis><attscale Sync="TRUE">0</attscale></attr><attr><attrlabl Sync="TRUE">FColless1Y</attrlabl><attalias Sync="TRUE">FColless1Y</attalias><attrtype Sync="TRUE">Integer</attrtype><attwidth Sync="TRUE">5</attwidth><atprecis Sync="TRUE">5</atprecis><attscale Sync="TRUE">0</attscale></attr><attr><attrlabl Sync="TRUE">FColNoDeg</attrlabl><attalias Sync="TRUE">FColNoDeg</attalias><attrtype Sync="TRUE">Integer</attrtype><attwidth Sync="TRUE">5</attwidth><atprecis Sync="TRUE">5</atprecis><attscale Sync="TRUE">0</attscale></attr><attr><attrlabl Sync="TRUE">FAsscDeg</attrlabl><attalias Sync="TRUE">FAsscDeg</attalias><attrtype Sync="TRUE">Integer</attrtype><attwidth Sync="TRUE">5</attwidth><atprecis Sync="TRUE">5</atprecis><attscale Sync="TRUE">0</attscale></attr><attr><attrlabl Sync="TRUE">FBachDeg</attrlabl><attalias Sync="TRUE">FBachDeg</attalias><attrtype Sync="TRUE">Integer</attrtype><attwidth Sync="TRUE">5</attwidth><atprecis Sync="TRUE">5</atprecis><attscale Sync="TRUE">0</attscale></attr><attr><attrlabl Sync="TRUE">FMastDeg</attrlabl><attalias Sync="TRUE">FMastDeg</attalias><attrtype Sync="TRUE">Integer</attrtype><attwidth Sync="TRUE">5</attwidth><atprecis Sync="TRUE">5</atprecis><attscale Sync="TRUE">0</attscale></attr><attr><attrlabl Sync="TRUE">FProfDeg</attrlabl><attalias Sync="TRUE">FProfDeg</attalias><attrtype Sync="TRUE">SmallInteger</attrtype><attwidth Sync="TRUE">4</attwidth><atprecis Sync="TRUE">4</atprecis><attscale Sync="TRUE">0</attscale></attr><attr><attrlabl Sync="TRUE">FDocDeg</attrlabl><attalias Sync="TRUE">FDocDeg</attalias><attrtype Sync="TRUE">SmallInteger</attrtype><attwidth Sync="TRUE">4</attwidth><atprecis Sync="TRUE">4</atprecis><attscale Sync="TRUE">0</attscale></attr><attr><attrlabl Sync="TRUE">OwnOccUnit</attrlabl><attalias Sync="TRUE">OwnOccUnit</attalias><attrtype Sync="TRUE">Integer</attrtype><attwidth Sync="TRUE">6</attwidth><atprecis Sync="TRUE">6</atprecis><attscale Sync="TRUE">0</attscale></attr><attr><attrlabl Sync="TRUE">OVLess10K</attrlabl><attalias Sync="TRUE">OVLess10K</attalias><attrtype Sync="TRUE">SmallInteger</attrtype><attwidth Sync="TRUE">3</attwidth><atprecis Sync="TRUE">3</atprecis><attscale Sync="TRUE">0</attscale></attr><attr><attrlabl Sync="TRUE">OV10K14999</attrlabl><attalias Sync="TRUE">OV10K14999</attalias><attrtype Sync="TRUE">SmallInteger</attrtype><attwidth Sync="TRUE">4</attwidth><atprecis Sync="TRUE">4</atprecis><attscale Sync="TRUE">0</attscale></attr><attr><attrlabl Sync="TRUE">OV15K19999</attrlabl><attalias Sync="TRUE">OV15K19999</attalias><attrtype Sync="TRUE">SmallInteger</attrtype><attwidth Sync="TRUE">3</attwidth><atprecis Sync="TRUE">3</atprecis><attscale Sync="TRUE">0</attscale></attr><attr><attrlabl Sync="TRUE">OV20K24999</attrlabl><attalias Sync="TRUE">OV20K24999</attalias><attrtype Sync="TRUE">SmallInteger</attrtype><attwidth Sync="TRUE">3</attwidth><atprecis Sync="TRUE">3</atprecis><attscale Sync="TRUE">0</attscale></attr><attr><attrlabl Sync="TRUE">OV25K29999</attrlabl><attalias Sync="TRUE">OV25K29999</attalias><attrtype Sync="TRUE">SmallInteger</attrtype><attwidth Sync="TRUE">3</attwidth><atprecis Sync="TRUE">3</atprecis><attscale Sync="TRUE">0</attscale></attr><attr><attrlabl Sync="TRUE">OV30K34999</attrlabl><attalias Sync="TRUE">OV30K34999</attalias><attrtype Sync="TRUE">SmallInteger</attrtype><attwidth Sync="TRUE">3</attwidth><atprecis Sync="TRUE">3</atprecis><attscale Sync="TRUE">0</attscale></attr><attr><attrlabl Sync="TRUE">OV35K39999</attrlabl><attalias Sync="TRUE">OV35K39999</attalias><attrtype Sync="TRUE">SmallInteger</attrtype><attwidth Sync="TRUE">3</attwidth><atprecis Sync="TRUE">3</atprecis><attscale Sync="TRUE">0</attscale></attr><attr><attrlabl Sync="TRUE">OV40K49999</attrlabl><attalias Sync="TRUE">OV40K49999</attalias><attrtype Sync="TRUE">SmallInteger</attrtype><attwidth Sync="TRUE">4</attwidth><atprecis Sync="TRUE">4</atprecis><attscale Sync="TRUE">0</attscale></attr><attr><attrlabl Sync="TRUE">OV50K5999</attrlabl><attalias Sync="TRUE">OV50K5999</attalias><attrtype Sync="TRUE">SmallInteger</attrtype><attwidth Sync="TRUE">4</attwidth><atprecis Sync="TRUE">4</atprecis><attscale Sync="TRUE">0</attscale></attr><attr><attrlabl Sync="TRUE">OV60K69999</attrlabl><attalias Sync="TRUE">OV60K69999</attalias><attrtype Sync="TRUE">SmallInteger</attrtype><attwidth Sync="TRUE">4</attwidth><atprecis Sync="TRUE">4</atprecis><attscale Sync="TRUE">0</attscale></attr><attr><attrlabl Sync="TRUE">OV70K79999</attrlabl><attalias Sync="TRUE">OV70K79999</attalias><attrtype Sync="TRUE">SmallInteger</attrtype><attwidth Sync="TRUE">4</attwidth><atprecis Sync="TRUE">4</atprecis><attscale Sync="TRUE">0</attscale></attr><attr><attrlabl Sync="TRUE">OV80K89999</attrlabl><attalias Sync="TRUE">OV80K89999</attalias><attrtype Sync="TRUE">SmallInteger</attrtype><attwidth Sync="TRUE">4</attwidth><atprecis Sync="TRUE">4</atprecis><attscale Sync="TRUE">0</attscale></attr><attr><attrlabl Sync="TRUE">OV90K99999</attrlabl><attalias Sync="TRUE">OV90K99999</attalias><attrtype Sync="TRUE">SmallInteger</attrtype><attwidth Sync="TRUE">4</attwidth><atprecis Sync="TRUE">4</atprecis><attscale Sync="TRUE">0</attscale></attr><attr><attrlabl Sync="TRUE">OV100K1249</attrlabl><attalias Sync="TRUE">OV100K1249</attalias><attrtype Sync="TRUE">Integer</attrtype><attwidth Sync="TRUE">5</attwidth><atprecis Sync="TRUE">5</atprecis><attscale Sync="TRUE">0</attscale></attr><attr><attrlabl Sync="TRUE">OV125K1499</attrlabl><attalias Sync="TRUE">OV125K1499</attalias><attrtype Sync="TRUE">Integer</attrtype><attwidth Sync="TRUE">5</attwidth><atprecis Sync="TRUE">5</atprecis><attscale Sync="TRUE">0</attscale></attr><attr><attrlabl Sync="TRUE">OV150K1749</attrlabl><attalias Sync="TRUE">OV150K1749</attalias><attrtype Sync="TRUE">Integer</attrtype><attwidth Sync="TRUE">5</attwidth><atprecis Sync="TRUE">5</atprecis><attscale Sync="TRUE">0</attscale></attr><attr><attrlabl Sync="TRUE">OV175K1999</attrlabl><attalias Sync="TRUE">OV175K1999</attalias><attrtype Sync="TRUE">SmallInteger</attrtype><attwidth Sync="TRUE">4</attwidth><atprecis Sync="TRUE">4</atprecis><attscale Sync="TRUE">0</attscale></attr><attr><attrlabl Sync="TRUE">OV200K2499</attrlabl><attalias Sync="TRUE">OV200K2499</attalias><attrtype Sync="TRUE">Integer</attrtype><attwidth Sync="TRUE">5</attwidth><atprecis Sync="TRUE">5</atprecis><attscale Sync="TRUE">0</attscale></attr><attr><attrlabl Sync="TRUE">OV250K2999</attrlabl><attalias Sync="TRUE">OV250K2999</attalias><attrtype Sync="TRUE">SmallInteger</attrtype><attwidth Sync="TRUE">4</attwidth><atprecis Sync="TRUE">4</atprecis><attscale Sync="TRUE">0</attscale></attr><attr><attrlabl Sync="TRUE">OV300K3999</attrlabl><attalias Sync="TRUE">OV300K3999</attalias><attrtype Sync="TRUE">SmallInteger</attrtype><attwidth Sync="TRUE">4</attwidth><atprecis Sync="TRUE">4</atprecis><attscale Sync="TRUE">0</attscale></attr><attr><attrlabl Sync="TRUE">OV400K4999</attrlabl><attalias Sync="TRUE">OV400K4999</attalias><attrtype Sync="TRUE">SmallInteger</attrtype><attwidth Sync="TRUE">4</attwidth><atprecis Sync="TRUE">4</atprecis><attscale Sync="TRUE">0</attscale></attr><attr><attrlabl Sync="TRUE">OV500K7499</attrlabl><attalias Sync="TRUE">OV500K7499</attalias><attrtype Sync="TRUE">SmallInteger</attrtype><attwidth Sync="TRUE">4</attwidth><atprecis Sync="TRUE">4</atprecis><attscale Sync="TRUE">0</attscale></attr><attr><attrlabl Sync="TRUE">OV750K9999</attrlabl><attalias Sync="TRUE">OV750K9999</attalias><attrtype Sync="TRUE">SmallInteger</attrtype><attwidth Sync="TRUE">3</attwidth><atprecis Sync="TRUE">3</atprecis><attscale Sync="TRUE">0</attscale></attr><attr><attrlabl Sync="TRUE">OV1MillUp</attrlabl><attalias Sync="TRUE">OV1MillUp</attalias><attrtype Sync="TRUE">SmallInteger</attrtype><attwidth Sync="TRUE">3</attwidth><atprecis Sync="TRUE">3</atprecis><attscale Sync="TRUE">0</attscale></attr><attr><attrlabl Sync="TRUE">MedValHous</attrlabl><attalias Sync="TRUE">MedValHous</attalias><attrtype Sync="TRUE">Integer</attrtype><attwidth Sync="TRUE">6</attwidth><atprecis Sync="TRUE">6</atprecis><attscale Sync="TRUE">0</attscale></attr><attr><attrlabl Sync="TRUE">GlobalID</attrlabl><attalias Sync="TRUE">GlobalID</attalias><attrtype Sync="TRUE">String</attrtype><attwidth Sync="TRUE">38</attwidth><atprecis Sync="TRUE">0</atprecis><attscale Sync="TRUE">0</attscale></attr><attr><attrlabl Sync="TRUE">GDB_GEOMAT</attrlabl><attalias Sync="TRUE">GDB_GEOMAT</attalias><attrtype Sync="TRUE">String</attrtype><attwidth Sync="TRUE">1</attwidth><atprecis Sync="TRUE">0</atprecis><attscale Sync="TRUE">0</attscale></attr><attr><attrlabl Sync="TRUE">Shape__Are</attrlabl><attalias Sync="TRUE">Shape__Are</attalias><attrtype Sync="TRUE">Double</attrtype><attwidth Sync="TRUE">19</attwidth><atprecis Sync="TRUE">18</atprecis><attscale Sync="TRUE">15</attscale></attr><attr><attrlabl Sync="TRUE">Shape__Len</attrlabl><attalias Sync="TRUE">Shape__Len</attalias><attrtype Sync="TRUE">Double</attrtype><attwidth Sync="TRUE">19</attwidth><atprecis Sync="TRUE">18</atprecis><attscale Sync="TRUE">15</attscale></attr></detailed></eainfo><mdDateSt Sync="TRUE">20210317</mdDateSt></metadata>
