STATEFP10,COUNTYFP10,COUNTYNS10,GEOID10,NAME10,NAMELSAD10,LSAD10,CLASSFP10,MTFCC10,CSAFP10,CBSAFP10,METDIVFP10,GEOID10_1,GEOID,SUMLEVEL,ST,NAME,COUNTY,Total,Male,MUn5Y,M5to9Y,M10to14Y,M15to17Y,M18and19Y,M20Y,M21Y,M22to24Y,M25to29Y,M30to34Y,M35to39Y,M40to44Y,M45to49Y,M50to54Y,M55to59Y,M60and61Y,M62to64Y,M65and66Y,M67to69Y,M70to74Y,M75to79Y,M80to84Y,MOv85Y,Female,FUn5Y,F5to9Y,F10to14Y,F15to17Y,F18and19Y,F20Y,F21Y,F22to24Y,F25to29Y,F30to34Y,F35to39Y,F40to44Y,F45to49Y,F50to54Y,F55to59Y,F60and61Y,F62to64Y,F65and66Y,F67to69Y,F70to74Y,F75to79Y,F80to84Y,FOv85Y,MedianAge,MedianAgeM,MedianAgeF,TotalRace,White,BlackorAA,AmIndAlNat,Asian,NHawOPacIs,Other,R2orMore,R2orMInOth,R2orMNO3R,TotHispNoH,NotHisp,Hisp,TotalHouse,FamHouse,FHMarrCoup,FHOthFam,FHMaleHous,FHFemHous,NonFamHous,NFHAlone,NFHNotAln,MedHousInc,MedFamInc,PerCapInc,TotalUnits,Occupied,Vacant,GrpQrtPop,TotPop25Ov,Male1,MNoSchool,MNursto4Gr,M5and6Gr,M7and8Gr,M9Gr,M10Gr,M11Gr,M12GrNoDip,MHSGdorGED,MColless1Y,MColNoDeg,MAsscDeg,MBachDeg,MMastDeg,MProfDeg,MDocDeg,Female1,FNoSchool,FNursto4Gr,F5and6Gr,F7and8Gr,F9Gr,F10Gr,F11Gr,F12GrNoDip,FHSGdorGED,FColless1Y,FColNoDeg,FAsscDeg,FBachDeg,FMastDeg,FProfDeg,FDocDeg,OwnOccUnit,OVLess10K,OV10K14999,OV15K19999,OV20K24999,OV25K29999,OV30K34999,OV35K39999,OV40K49999,OV50K5999,OV60K69999,OV70K79999,OV80K89999,OV90K99999,OV100K1249,OV125K1499,OV150K1749,OV175K1999,OV200K2499,OV250K2999,OV300K3999,OV400K4999,OV500K7499,OV750K9999,OV1MillUp,MedValHous
31,21,835832,31021,Burt,Burt County,6,H1,G4020,,,,05000US31021,31021,50,31,"Burt County, Nebraska",21,6964,3418,194,198,249,155,88,15,54,50,150,137,185,220,270,281,308,89,88,76,122,148,159,88,94,3546,202,209,220,151,69,6,36,81,154,140,145,253,246,264,265,86,99,89,100,203,187,161,180,45.9,45.2,47,6964,6735,57,74,18,0,18,62,9,53,6964,6851,113,2951,2019,1748,271,65,206,932,820,112,43817,54770,23302,3508,2951,557,187,4987,2415,10,3,17,35,18,31,63,73,910,155,364,252,349,81,31,23,2572,19,1,0,43,7,58,75,26,1024,269,390,232,317,77,31,3,2194,51,30,54,61,24,48,106,162,157,195,142,215,199,212,126,150,74,93,15,40,19,18,0,3,83100
31,47,835845,31047,Dawson,Dawson County,6,H1,G4020,,30420,,05000US31047,31047,50,31,"Dawson County, Nebraska",47,24245,12245,1052,817,1076,594,347,162,120,385,851,803,728,838,814,873,773,261,353,245,172,299,328,177,177,12000,925,935,944,567,279,99,127,370,745,688,814,707,803,750,635,288,363,168,250,547,406,264,326,36,34.3,36.9,24245,18770,624,89,129,0,4204,429,213,216,24245,16840,7405,8908,6092,4831,1261,451,810,2816,2608,208,41830,51674,19384,10065,8908,1157,270,15446,7692,117,234,515,301,358,225,160,154,2691,374,1096,373,778,187,112,17,7754,255,167,279,237,270,165,219,128,2747,674,1007,437,907,223,28,11,6395,313,94,15,131,125,134,151,319,486,447,721,764,576,667,429,398,201,205,73,27,62,29,26,2,83400
31,155,835899,31155,Saunders,Saunders County,6,H1,G4020,420,36540,,05000US31155,31155,50,31,"Saunders County, Nebraska",155,20543,10389,746,705,822,503,233,114,95,282,473,538,576,763,952,801,697,251,389,139,230,444,289,176,171,10154,632,691,771,490,228,52,88,253,479,557,570,730,865,797,651,250,326,183,227,413,275,266,360,41.6,41,42.1,20543,20050,11,47,42,2,154,237,0,237,20543,20150,393,7985,5931,5143,788,294,494,2054,1753,301,57699,67549,26898,9112,7985,1127,394,13838,6889,19,0,53,94,53,82,50,91,2840,448,873,751,1045,330,128,32,6949,47,0,6,181,72,85,78,84,2220,620,1065,749,1240,420,50,32,6612,65,23,57,64,54,46,57,119,144,293,300,345,430,843,929,539,397,767,450,414,118,134,17,7,137500
31,171,835907,31171,Thomas,Thomas County,6,H1,G4020,,,,05000US31171,31171,50,31,"Thomas County, Nebraska",171,756,355,11,20,29,27,0,0,0,1,25,11,25,13,39,25,37,3,26,4,8,19,10,12,10,401,33,21,20,22,0,0,12,6,16,9,28,22,23,37,35,13,29,13,4,3,17,17,21,47,46.3,48.3,756,731,1,0,3,0,0,21,1,20,756,755,1,332,214,204,10,2,8,118,106,12,48250,60278,31499,405,332,73,0,554,267,0,3,3,7,3,0,0,0,90,63,28,46,20,4,0,0,287,0,0,0,1,0,5,10,5,87,29,40,44,57,9,0,0,256,25,0,5,6,19,7,7,22,23,12,18,6,5,10,19,3,0,17,33,4,3,8,0,4,71100
31,3,835824,31003,Antelope,Antelope County,6,H1,G4020,,,,05000US31003,31003,50,31,"Antelope County, Nebraska",3,6742,3369,227,228,210,175,93,76,13,71,155,155,153,182,277,278,271,78,126,64,95,149,123,75,95,3373,200,218,212,148,57,27,52,36,154,155,185,169,269,276,279,56,101,35,105,200,138,170,131,45.2,43.5,46.5,6742,6642,25,3,5,0,4,63,2,61,6742,6595,147,2792,2008,1698,310,99,211,784,733,51,37058,47463,20419,3291,2792,499,193,4699,2276,15,0,6,88,19,39,37,43,1021,132,290,254,211,46,67,8,2423,10,0,2,71,26,43,56,25,880,179,467,222,351,73,12,6,2011,66,61,72,77,119,73,113,123,167,192,100,172,76,156,94,116,35,50,53,49,34,11,0,2,67000
31,71,835857,31071,Garfield,Garfield County,6,H1,G4020,,,,05000US31071,31071,50,31,"Garfield County, Nebraska",71,2081,1053,34,43,120,77,27,0,8,14,26,19,66,50,109,128,55,14,43,8,31,71,51,41,18,1028,24,97,71,41,10,11,0,0,30,42,38,95,95,99,65,6,39,42,41,57,47,48,30,47.3,47,48.2,2081,2014,0,6,0,0,59,2,0,2,2081,2022,59,875,617,534,83,20,63,258,245,13,38709,47056,19235,1103,875,228,56,1504,730,4,3,15,42,2,12,2,3,286,57,178,34,66,11,8,7,774,1,0,11,43,2,10,3,8,303,68,145,65,79,31,5,0,695,23,13,19,26,34,67,33,43,30,35,63,26,11,51,76,19,20,51,43,0,12,0,0,0,73900
31,165,835904,31165,Sioux,Sioux County,6,H1,G4020,,,,05000US31165,31165,50,31,"Sioux County, Nebraska",165,1340,675,17,44,56,27,26,1,2,9,17,37,37,46,68,56,59,27,17,20,11,43,37,10,8,665,6,38,51,20,9,1,3,16,22,26,33,31,62,61,73,32,31,8,18,31,23,38,32,48.9,46.5,51.2,1340,1299,0,2,25,0,0,14,9,5,1340,1331,9,598,395,346,49,6,43,203,195,8,42386,52750,25824,808,598,210,0,1014,493,0,0,0,11,0,0,6,16,160,28,88,63,58,49,11,3,521,0,0,0,0,9,4,3,9,166,36,97,54,110,26,7,0,429,14,16,7,30,13,9,6,37,14,21,26,5,5,31,10,27,25,21,39,6,24,21,14,8,109300
31,49,835846,31049,Deuel,Deuel County,6,H1,G4020,,,,05000US31049,31049,50,31,"Deuel County, Nebraska",49,1963,940,47,39,48,40,6,15,2,11,36,67,37,60,101,80,54,31,33,44,52,46,50,25,16,1023,56,56,52,50,22,16,12,20,28,29,46,42,92,82,96,48,25,31,28,52,46,46,48,49.3,48.2,49.7,1963,1907,1,5,0,0,15,35,5,30,1963,1880,83,931,616,509,107,33,74,315,296,19,37148,49375,23758,1084,931,153,10,1471,732,0,3,10,22,4,10,3,32,238,69,123,69,113,24,12,0,739,0,0,0,3,6,6,29,13,279,50,150,85,81,29,8,0,729,17,12,28,26,26,44,47,83,41,72,78,47,30,42,16,36,20,36,13,6,9,0,0,0,65600
31,133,835888,31133,Pawnee,Pawnee County,6,H1,G4020,,,,05000US31133,31133,50,31,"Pawnee County, Nebraska",133,2767,1370,68,78,79,94,8,0,3,62,51,38,82,81,96,113,103,63,44,22,47,72,47,74,45,1397,64,52,110,28,9,11,0,42,49,47,71,92,126,93,84,30,74,38,50,81,83,63,100,48.6,47.6,49.8,2767,2724,0,22,0,0,0,21,1,20,2767,2733,34,1309,843,714,129,36,93,466,429,37,41969,49564,21865,1550,1309,241,74,2059,978,5,3,0,57,10,13,16,25,486,41,109,53,124,17,19,0,1081,10,16,0,39,5,26,6,17,527,63,127,101,106,38,0,0,1024,54,47,68,59,41,56,61,74,101,48,57,53,26,65,22,66,7,61,32,23,0,3,0,0,55100
31,15,835829,31015,Boyd,Boyd County,6,H1,G4020,,,,05000US31015,31015,50,31,"Boyd County, Nebraska",15,2107,1116,29,89,90,49,21,14,18,20,53,29,55,95,91,81,78,15,43,42,48,53,50,30,23,991,65,54,57,23,21,14,17,15,55,26,60,41,80,70,84,3,58,37,26,49,52,34,50,47,44.4,48.3,2107,2026,0,8,0,0,73,0,0,0,2107,2034,73,932,597,535,62,18,44,335,302,33,34906,41326,21003,1439,932,507,10,1511,786,0,0,0,52,11,13,11,14,357,47,84,77,98,13,0,9,725,0,0,1,19,0,9,23,2,272,71,162,86,68,7,4,1,700,55,62,42,62,17,40,4,49,89,15,30,50,24,49,14,22,3,26,24,10,4,5,4,0,52100
31,169,835906,31169,Thayer,Thayer County,6,H1,G4020,,,,05000US31169,31169,50,31,"Thayer County, Nebraska",169,5262,2587,149,130,173,127,59,22,23,37,116,130,122,142,196,217,186,125,54,72,93,109,113,98,94,2675,142,138,163,118,49,8,5,53,81,104,99,190,190,204,173,119,69,46,91,152,144,145,192,48.3,46.9,49.9,5262,5193,4,2,2,0,4,57,19,38,5262,5168,94,2247,1450,1277,173,61,112,797,756,41,39159,51471,21648,2757,2247,510,194,3866,1867,17,2,16,78,18,11,74,12,802,90,251,236,201,37,4,18,1999,43,0,3,81,24,22,39,22,694,220,274,215,282,61,12,7,1856,87,100,60,93,96,103,56,142,160,162,120,142,67,144,80,89,10,53,63,24,0,5,0,0,61900
31,87,835865,31087,Hitchcock,Hitchcock County,6,H1,G4020,,,,05000US31087,31087,50,31,"Hitchcock County, Nebraska",87,2925,1454,90,59,102,66,17,12,27,30,67,95,36,90,120,118,95,57,68,41,46,79,65,44,30,1471,73,71,106,56,33,3,0,34,61,63,49,107,125,110,128,42,45,44,27,99,67,70,58,48.3,46.8,49.3,2925,2859,12,13,4,0,0,37,2,35,2925,2903,22,1280,884,676,208,74,134,396,383,13,35549,40417,20853,1748,1280,468,10,2146,1051,0,0,5,28,22,6,54,23,402,97,187,117,76,25,9,0,1095,2,0,0,26,9,29,31,23,294,111,201,186,150,29,4,0,979,35,35,61,71,72,88,45,95,82,85,51,72,43,43,44,22,10,20,0,0,0,5,0,0,48700
31,7,835826,31007,Banner,Banner County,6,H1,G4020,,42420,,05000US31007,31007,50,31,"Banner County, Nebraska",7,720,361,24,16,28,27,6,0,0,8,24,7,13,14,58,29,28,20,9,5,3,13,5,19,5,359,30,18,27,13,0,0,9,20,9,0,14,36,18,54,19,10,13,3,15,13,13,4,21,46.4,46.5,45.9,720,683,0,0,0,0,17,20,0,20,720,683,37,320,217,196,21,13,8,103,93,10,34063,52604,22042,374,320,54,0,494,252,0,4,5,0,0,0,0,0,106,5,43,32,49,8,0,0,242,0,3,0,0,0,4,3,10,47,26,45,37,32,29,6,0,212,3,0,0,9,30,10,0,3,25,17,13,6,0,22,11,30,8,13,0,3,0,5,0,4,76900
31,65,835854,31065,Furnas,Furnas County,6,H1,G4020,,,,05000US31065,31065,50,31,"Furnas County, Nebraska",65,4942,2391,116,166,195,122,41,19,3,62,81,125,131,105,191,196,155,66,142,32,61,147,83,100,52,2551,124,162,149,144,60,42,10,28,80,101,107,140,182,223,204,64,89,38,103,128,141,121,111,46.8,46.1,47.9,4942,4856,0,47,5,0,8,26,5,21,4942,4833,109,2149,1389,1215,174,22,152,760,745,15,37938,49187,21644,2775,2149,626,10,3499,1667,0,21,10,50,53,33,40,51,636,119,214,123,227,38,30,22,1832,4,4,2,45,14,46,80,19,766,170,323,106,194,40,19,0,1686,49,47,58,181,76,82,77,201,126,121,102,73,58,106,58,80,13,35,35,55,9,41,3,0,55700
31,35,835839,31035,Clay,Clay County,6,H1,G4020,,25580,,05000US31035,31035,50,31,"Clay County, Nebraska",35,6554,3253,181,198,264,198,72,50,23,107,124,147,182,194,258,280,274,75,105,97,78,92,100,69,85,3301,191,182,318,150,63,19,33,78,121,158,181,210,246,276,190,129,104,58,78,139,125,110,142,43.1,42,44.1,6554,6361,5,82,0,26,18,62,11,51,6554,6163,391,2621,1820,1511,309,130,179,801,712,89,42909,53098,21147,3024,2621,403,124,4427,2160,4,0,34,77,32,20,22,36,871,153,309,257,211,102,15,17,2267,11,0,5,87,23,30,44,29,878,166,334,280,279,94,4,3,2024,66,42,63,38,91,71,56,199,150,170,178,167,97,241,106,124,20,88,3,42,5,3,0,4,73700
31,121,835882,31121,Merrick,Merrick County,6,H1,G4020,,24260,,05000US31121,31121,50,31,"Merrick County, Nebraska",121,7784,3782,206,191,325,187,130,67,17,60,179,185,236,243,321,306,264,98,142,80,97,154,122,118,54,4002,282,288,262,156,82,33,11,189,168,193,235,218,273,315,259,150,96,82,123,167,158,168,94,42.1,42,42.3,7784,7566,36,46,13,0,69,54,5,49,7784,7513,271,3145,2247,1928,319,114,205,898,719,179,46116,52486,21819,3696,3145,551,26,5298,2599,12,17,2,83,27,59,75,49,1246,185,335,193,174,69,72,1,2699,0,0,0,39,22,73,26,31,914,304,634,259,270,95,32,0,2304,35,17,40,45,93,85,69,149,256,145,245,205,129,207,105,125,104,110,58,37,16,7,22,0,78900
31,17,835830,31017,Brown,Brown County,6,H1,G4020,,,,05000US31017,31017,50,31,"Brown County, Nebraska",17,3192,1502,78,102,107,69,37,17,17,25,52,85,18,138,77,110,109,56,71,17,79,42,79,47,70,1690,103,112,85,84,10,0,11,44,42,84,60,97,120,122,109,36,66,40,31,98,115,107,114,48.1,46,49.7,3192,3138,4,3,5,0,0,42,0,42,3192,3192,0,1340,754,655,99,40,59,586,524,62,28038,44569,17330,1803,1340,463,185,2291,1050,0,12,0,65,25,15,13,9,432,93,127,67,145,39,8,0,1241,0,0,0,45,8,19,43,15,520,65,175,158,142,35,7,9,942,54,26,18,61,66,48,40,99,92,103,72,30,21,67,31,23,13,27,41,0,2,0,2,6,56400
31,37,835840,31037,Colfax,Colfax County,6,H1,G4020,,,,05000US31037,31037,50,31,"Colfax County, Nebraska",37,10201,5303,445,394,372,299,245,34,41,223,405,284,368,285,424,291,359,58,147,72,89,167,152,100,49,4898,458,327,352,184,104,61,101,168,218,344,346,258,308,325,292,56,129,62,83,189,194,154,185,35.3,33.6,36.9,10201,9005,128,90,41,10,601,326,72,254,10201,6512,3689,3706,2614,2152,462,190,272,1092,894,198,48133,55169,20872,4114,3706,408,61,6393,3250,120,131,183,159,159,86,122,67,1051,185,399,239,240,77,24,8,3143,14,78,126,160,186,69,22,31,1031,314,433,214,341,101,23,0,2995,50,55,18,105,31,132,112,160,244,250,174,307,271,545,98,161,31,129,43,17,54,8,0,0,85400
31,43,835843,31043,Dakota,Dakota County,6,H1,G4020,512,43580,,05000US31043,31043,50,31,"Dakota County, Nebraska",43,20674,10444,931,884,689,635,315,95,156,501,737,603,738,637,680,661,599,242,295,193,257,197,214,98,87,10230,794,756,817,503,229,136,196,347,709,755,494,739,777,575,683,141,243,153,221,269,226,278,189,33,32.3,33.8,20674,15180,496,502,678,0,3511,307,216,91,20674,13858,6816,7281,5521,4010,1511,552,959,1760,1415,345,43729,52771,19048,7653,7281,372,456,12690,6238,141,160,347,375,272,94,195,146,2308,510,523,521,437,107,93,9,6452,111,44,515,267,199,87,242,62,2591,455,661,493,482,225,18,0,4892,220,39,50,13,27,40,44,211,160,289,365,542,575,815,333,406,224,254,180,85,0,9,0,11,97800
31,5,835825,31005,Arthur,Arthur County,6,H1,G4020,,,,05000US31005,31005,50,31,"Arthur County, Nebraska",5,426,215,14,27,6,15,2,0,1,3,7,11,20,14,21,7,8,13,3,8,17,4,5,9,0,211,14,25,23,4,0,0,0,7,5,26,17,8,14,7,15,6,7,2,15,7,2,7,0,39.4,42.3,37.8,426,420,0,0,0,0,0,6,5,1,426,421,5,178,121,90,31,5,26,57,42,15,43250,45547,19722,232,178,54,0,285,147,0,0,0,3,0,3,6,0,39,16,34,21,18,5,2,0,138,0,0,0,5,0,2,0,1,34,21,24,25,20,4,0,2,113,2,1,3,2,8,10,4,0,16,5,9,0,2,9,2,7,3,12,2,7,0,9,0,0,76100
31,161,835902,31161,Sheridan,Sheridan County,6,H1,G4020,,,,05000US31161,31161,50,31,"Sheridan County, Nebraska",161,5538,2680,161,162,211,109,60,9,32,50,135,130,171,95,201,209,253,66,84,78,94,78,134,64,94,2858,195,141,208,114,29,18,6,98,124,147,107,165,190,225,236,53,99,68,93,124,126,124,168,46.3,45.6,46.6,5538,4765,0,488,25,0,9,251,5,246,5538,5379,159,2434,1493,1232,261,98,163,941,839,102,33608,42545,20066,2965,2434,531,226,3935,1886,9,5,20,43,36,21,24,25,802,85,321,78,239,133,43,2,2049,15,0,0,52,13,68,44,5,668,178,360,174,368,80,15,9,1702,96,44,74,75,54,56,64,157,176,169,143,69,21,159,46,66,21,61,39,32,18,20,29,13,63300
31,159,835901,31159,Seward,Seward County,6,H1,G4020,,30700,,05000US31159,31159,50,31,"Seward County, Nebraska",159,16628,8449,505,521,598,340,516,238,116,466,431,442,425,541,655,625,485,208,240,152,164,280,218,184,99,8179,469,540,568,368,355,255,142,235,362,380,413,536,631,586,493,240,194,138,97,401,247,315,214,37.8,35.6,40,16628,16172,132,0,67,24,86,147,72,75,16628,16372,256,6394,4455,3936,519,234,285,1939,1666,273,55877,71895,26386,6846,6394,452,926,10396,5149,16,14,26,134,4,96,54,34,1568,446,573,725,997,279,59,124,5247,0,0,9,119,21,52,53,75,1704,468,779,585,950,345,26,61,4677,27,37,13,52,35,41,14,122,97,138,210,237,302,740,601,602,332,409,313,167,131,36,21,0,136400
31,179,835911,31179,Wayne,Wayne County,6,H1,G4020,,,,05000US31179,31179,50,31,"Wayne County, Nebraska",179,9573,4705,265,251,202,172,502,387,131,227,249,201,247,213,278,317,262,102,98,99,49,152,130,131,40,4868,320,364,249,169,438,181,185,436,198,187,184,228,288,293,251,77,98,37,116,152,209,119,89,28.3,29,27.6,9573,9176,44,38,77,0,129,109,0,109,9573,9222,351,3316,2193,1797,396,98,298,1123,871,252,45000,56234,19681,3762,3316,446,1234,5094,2568,2,5,10,95,18,5,10,38,865,79,319,312,618,93,9,90,2526,9,4,5,55,10,24,64,74,726,288,405,245,374,236,5,2,2322,25,31,46,14,88,25,13,90,103,164,153,190,182,393,225,117,134,164,36,27,52,43,7,0,102400
31,39,835841,31039,Cuming,Cuming County,6,H1,G4020,,,,05000US31039,31039,50,31,"Cuming County, Nebraska",39,9243,4577,229,347,347,226,110,40,36,115,197,213,210,318,425,403,294,120,120,83,101,200,158,137,148,4666,295,248,368,270,90,13,19,153,180,223,199,358,364,295,301,85,129,129,122,176,309,172,168,43.4,43.5,43.3,9243,8651,130,222,29,0,120,91,2,89,9243,8554,689,3841,2746,2346,400,116,284,1095,951,144,44278,55583,22783,4241,3841,400,108,6337,3127,20,25,46,197,17,45,78,13,1375,169,379,368,313,49,29,4,3210,8,0,44,260,34,31,22,24,1116,339,358,377,427,130,29,11,2882,88,75,37,48,49,55,44,208,241,211,217,211,146,458,231,188,43,140,57,92,7,17,12,7,88000
31,69,835856,31069,Garden,Garden County,6,H1,G4020,,,,05000US31069,31069,50,31,"Garden County, Nebraska",69,2060,1020,55,56,40,31,23,5,7,22,60,24,42,63,85,102,81,15,56,55,42,39,44,19,54,1040,36,29,32,43,8,7,0,35,40,35,76,28,65,109,114,7,31,18,24,97,64,33,109,51.3,49.9,53.5,2060,2030,2,7,6,1,5,9,0,9,2060,1952,108,969,646,528,118,26,92,323,284,39,32962,43472,19740,1340,969,371,136,1631,781,4,0,4,13,13,6,53,11,297,29,124,81,116,24,6,0,850,0,0,0,6,21,7,22,23,270,50,176,91,159,25,0,0,662,16,30,16,29,27,105,14,55,45,57,44,32,27,42,33,37,0,0,14,13,0,15,0,11,58700
31,101,835872,31101,Keith,Keith County,6,H1,G4020,,,,05000US31101,31101,50,31,"Keith County, Nebraska",101,8356,4146,211,261,244,183,35,29,23,147,243,182,215,289,331,354,284,156,152,111,169,192,144,132,59,4210,281,128,335,153,58,11,46,123,177,180,172,272,347,330,345,106,195,107,137,241,139,103,224,46,45.1,47.5,8356,8057,9,20,49,20,100,101,0,101,8356,7954,402,3735,2499,2172,327,142,185,1236,1132,104,42898,54350,25315,5443,3735,1708,197,6088,3013,9,8,9,141,51,54,47,65,996,203,613,233,365,116,80,23,3075,8,10,11,91,33,102,64,28,1048,234,552,292,471,109,17,5,2725,66,28,22,38,38,78,113,157,204,209,274,165,175,359,220,220,47,134,84,61,18,15,0,0,88200
31,173,835908,31173,Thurston,Thurston County,6,H1,G4020,,,,05000US31173,31173,50,31,"Thurston County, Nebraska",173,6907,3450,367,363,321,223,147,44,57,141,186,145,171,197,218,208,165,93,50,63,70,62,43,45,71,3457,324,332,334,199,109,26,49,133,153,181,179,231,216,205,180,89,55,36,54,120,68,85,99,28.9,26.3,32,6907,2709,39,3796,63,0,8,292,15,277,6907,6700,207,2054,1545,966,579,117,462,509,450,59,39048,46442,15686,2428,2054,374,89,3738,1787,2,4,0,86,43,77,67,28,696,98,233,239,136,64,14,0,1951,0,0,2,72,54,35,90,17,596,127,335,342,194,57,6,24,1348,83,49,54,68,32,92,62,109,85,56,129,105,73,111,46,78,34,49,17,4,0,9,0,3,67100
31,139,835891,31139,Pierce,Pierce County,6,H1,G4020,,35740,,05000US31139,31139,50,31,"Pierce County, Nebraska",139,7308,3684,240,284,274,217,104,31,32,85,195,191,177,267,321,283,260,83,101,77,102,102,92,120,46,3624,210,202,317,171,64,16,11,131,165,205,154,296,301,245,260,55,116,58,92,164,89,143,159,41.9,40.2,42.9,7308,7180,5,30,19,0,25,49,6,43,7308,7217,91,2917,2116,1799,317,128,189,801,745,56,48318,58333,21419,3236,2917,319,288,4919,2417,7,0,8,120,21,42,43,12,1048,154,333,343,210,49,10,17,2502,33,0,9,85,34,32,39,16,938,249,373,279,312,91,11,1,2408,49,35,19,36,98,87,74,117,156,188,218,162,162,309,118,184,111,121,66,52,38,3,5,0,87800
31,147,835895,31147,Richardson,Richardson County,6,H1,G4020,,,,05000US31147,31147,50,31,"Richardson County, Nebraska",147,8455,4086,238,326,169,187,99,44,48,75,181,172,206,252,360,327,283,91,199,101,81,264,92,214,77,4369,208,291,188,238,68,25,60,91,193,181,185,312,329,329,360,156,99,93,136,204,225,188,210,47.1,46.3,47.9,8455,8049,8,63,7,0,6,322,0,322,8455,8332,123,3862,2266,1833,433,97,336,1596,1504,92,35165,50250,20516,4446,3862,584,0,6100,2900,0,0,0,111,160,70,67,59,1384,150,347,131,224,144,42,11,3200,26,0,2,33,53,57,187,13,1336,296,465,225,370,113,16,8,2947,98,124,116,111,89,195,140,277,240,228,280,208,78,248,173,150,76,32,14,46,22,2,0,0,63700
31,151,835897,31151,Saline,Saline County,6,H1,G4020,,,,05000US31151,31151,50,31,"Saline County, Nebraska",151,14098,6931,422,533,416,352,394,264,154,199,355,377,452,442,518,445,425,108,170,91,112,242,234,137,89,7167,528,469,409,299,537,162,102,173,215,481,515,400,472,479,418,115,163,153,123,219,212,187,336,35.9,35,36.5,14098,13247,98,206,90,0,240,217,61,156,14098,11614,2484,5020,3421,2772,649,301,348,1599,1382,217,45469,55060,20431,5744,5020,724,1159,8685,4197,9,162,64,150,75,109,82,63,1660,240,587,413,356,118,65,44,4488,44,178,35,165,64,127,106,70,1600,320,592,438,468,193,7,81,3355,82,56,27,29,43,61,89,139,229,182,293,331,228,424,413,288,86,106,43,112,40,46,0,8,95100
31,163,835903,31163,Sherman,Sherman County,6,H1,G4020,,,,05000US31163,31163,50,31,"Sherman County, Nebraska",163,3144,1566,79,83,121,71,26,12,15,39,33,81,55,97,151,142,153,44,74,61,22,56,55,47,49,1578,114,60,99,58,60,3,11,32,42,40,65,139,147,112,115,35,69,24,80,94,41,71,67,47.2,46.2,48.6,3144,3088,0,0,0,0,0,56,0,56,3144,3089,55,1362,886,778,108,18,90,476,453,23,38631,48065,20900,2013,1362,651,10,2261,1120,4,0,3,33,15,18,31,17,582,55,101,84,136,21,7,13,1141,3,0,2,40,44,9,40,18,414,68,225,101,128,44,5,0,1154,45,40,57,96,51,70,48,135,108,65,66,38,41,64,43,13,16,82,28,26,15,3,0,4,53200
31,57,835850,31057,Dundy,Dundy County,6,H1,G4020,,,,05000US31057,31057,50,31,"Dundy County, Nebraska",57,1963,937,39,54,62,47,14,6,0,21,17,54,79,46,57,95,101,30,40,0,23,49,42,45,16,1026,21,59,80,75,7,0,5,8,26,32,56,58,86,121,76,14,33,10,29,67,71,40,52,48.9,47.9,50,1963,1916,0,3,6,0,35,3,0,3,1963,1862,101,879,577,523,54,29,25,302,292,10,37031,53266,24701,1122,879,243,52,1465,694,0,0,5,28,2,21,0,0,211,50,106,72,161,27,11,0,771,0,0,0,26,5,3,32,0,199,69,100,156,117,58,6,0,695,26,34,47,22,38,26,10,48,78,54,50,32,32,71,10,47,0,15,14,0,6,9,5,21,63400
31,167,835905,31167,Stanton,Stanton County,6,H1,G4020,,35740,,05000US31167,31167,50,31,"Stanton County, Nebraska",167,6207,3087,244,158,289,181,67,46,3,123,154,163,175,231,262,253,221,81,51,62,70,82,78,52,41,3120,210,271,233,143,64,21,29,101,154,180,142,265,256,231,184,51,109,64,83,90,107,60,72,39.4,38.8,40.2,6207,5958,0,97,53,0,35,64,0,64,6207,5958,249,2419,1805,1526,279,86,193,614,550,64,47713,57227,23018,2606,2419,187,0,4024,1976,0,0,3,82,59,5,30,15,673,115,379,417,157,28,9,4,2048,0,3,0,63,35,17,28,0,785,157,408,266,194,77,2,13,1888,45,18,47,71,19,49,25,79,95,130,200,214,114,250,126,197,25,72,66,33,3,0,0,10,87800
31,33,835838,31033,Cheyenne,Cheyenne County,6,H1,G4020,,,,05000US31033,31033,50,31,"Cheyenne County, Nebraska",33,10049,5007,345,401,322,216,120,37,82,114,306,338,227,421,392,418,331,163,120,59,99,163,159,96,78,5042,305,269,383,200,95,52,21,147,316,319,272,308,404,435,325,87,175,112,76,204,254,175,108,41.3,39.9,42.7,10049,9647,0,60,223,7,11,101,7,94,10049,9524,525,4348,2832,2459,373,144,229,1516,1288,228,49493,63788,26983,4860,4348,512,67,6940,3370,5,2,0,40,39,44,64,39,974,206,664,305,719,157,64,48,3570,9,2,20,25,13,67,22,60,1177,274,702,303,670,207,17,2,3047,50,50,44,33,71,56,80,111,217,198,205,306,247,401,233,175,109,226,90,70,39,29,4,3,94200
31,13,835991,31013,Box Butte,Box Butte County,6,H1,G4020,,,,05000US31013,31013,50,31,"Box Butte County, Nebraska",13,11372,5632,352,404,404,293,117,32,164,230,238,300,266,385,449,492,534,155,135,102,106,144,86,110,134,5740,443,409,296,305,93,43,34,159,343,326,306,337,408,471,451,113,192,69,162,192,190,178,220,40.9,40.2,42,11372,10091,44,354,46,0,559,278,41,237,11372,10297,1075,4793,3278,2617,661,129,532,1515,1358,157,44404,53400,23434,5484,4793,691,161,7594,3636,26,77,0,36,12,111,100,85,1341,278,639,183,597,124,27,0,3958,63,14,0,78,19,63,113,33,1436,321,641,443,598,101,14,21,3231,114,52,47,97,88,35,89,188,201,261,188,232,419,415,260,210,79,147,76,25,0,8,0,0,90600
31,183,835913,31183,Wheeler,Wheeler County,6,H1,G4020,,,,05000US31183,31183,50,31,"Wheeler County, Nebraska",183,751,380,43,4,12,8,5,0,0,23,12,52,10,9,26,18,63,12,11,9,33,17,2,11,0,371,27,28,21,30,0,0,2,4,29,25,5,19,18,38,40,0,39,7,3,20,8,6,2,45.8,46.5,42.9,751,739,0,0,0,0,5,7,0,7,751,742,9,336,221,211,10,5,5,115,108,7,37222,50083,20614,591,336,255,0,544,285,0,0,0,2,0,5,0,0,109,26,54,39,47,0,3,0,259,0,0,0,0,0,0,6,0,81,10,69,15,52,18,3,5,229,3,7,15,6,6,10,0,39,6,37,15,23,2,13,7,21,0,4,4,0,0,0,11,0,66100
31,95,835869,31095,Jefferson,Jefferson County,6,H1,G4020,,,,05000US31095,31095,50,31,"Jefferson County, Nebraska",95,7708,3732,201,250,227,153,127,46,26,60,166,196,140,248,277,328,315,119,111,71,115,177,159,137,83,3976,232,231,233,152,127,37,14,76,195,159,291,152,264,296,351,103,83,71,146,188,250,156,169,46.1,46,46.2,7708,7573,0,61,2,0,5,67,0,67,7708,7551,157,3279,2099,1837,262,84,178,1180,1063,117,42665,54017,21976,3933,3279,654,36,5516,2642,0,0,0,108,18,39,35,49,1237,198,287,290,241,66,72,2,2874,24,9,3,75,25,60,78,47,1004,289,466,366,277,123,19,9,2625,149,65,108,85,86,81,89,173,143,245,203,168,142,264,190,100,61,112,67,76,3,3,0,12,74400
31,131,835887,31131,Otoe,Otoe County,6,H1,G4020,,,,05000US31131,31131,50,31,"Otoe County, Nebraska",131,15741,7682,530,442,643,351,164,162,51,206,367,386,403,521,633,624,598,216,174,103,201,315,172,184,236,8059,567,421,599,327,130,134,87,107,385,367,521,479,590,600,666,148,190,81,290,316,387,335,332,42.9,41.7,43.8,15741,15330,25,17,22,0,80,267,14,253,15741,14965,776,6335,4314,3652,662,225,437,2021,1812,209,47493,59291,23773,6991,6335,656,367,10820,5133,89,12,15,128,54,98,86,103,1873,386,739,545,688,224,72,21,5687,64,8,0,202,83,199,42,138,2021,452,695,464,1014,235,42,28,4683,52,89,91,53,36,65,56,149,349,241,208,269,265,748,468,411,210,434,251,167,38,27,3,3,114000
31,111,835877,31111,Lincoln,Lincoln County,6,H1,G4020,,35820,,05000US31111,31111,50,31,"Lincoln County, Nebraska",111,36167,17678,1158,1229,1349,713,483,290,169,492,1111,1152,1151,1108,1214,1466,1255,475,545,345,381,555,446,393,198,18489,1290,1083,1475,727,386,152,348,432,1106,1181,955,1193,1339,1373,1373,310,570,303,399,713,613,477,691,39.1,38.1,40.4,36167,33826,274,49,193,4,818,1003,520,483,36167,33716,2451,15038,9826,7876,1950,754,1196,5212,4405,807,45181,60815,25319,16510,15038,1472,575,24391,11795,43,53,60,155,43,272,140,134,4162,1132,2083,1266,1437,409,271,135,12596,41,0,67,211,99,170,357,101,4132,1326,2270,1448,1794,447,83,50,10273,284,120,91,74,163,333,131,394,373,587,611,752,686,1482,1118,819,605,724,362,333,82,88,21,40,109100
31,91,835867,31091,Hooker,Hooker County,6,H1,G4020,,,,05000US31091,31091,50,31,"Hooker County, Nebraska",91,690,345,13,21,40,7,2,19,0,0,0,13,27,26,16,26,39,6,9,4,13,15,13,27,9,345,7,30,18,21,1,0,0,0,9,15,27,13,13,31,32,4,10,7,14,17,29,27,20,51.4,47.5,53.5,690,684,0,0,6,0,0,0,0,0,690,690,0,320,200,193,7,0,7,120,120,0,38750,50658,21197,413,320,93,10,511,243,0,0,0,0,4,0,0,3,96,28,37,28,33,10,4,0,268,0,0,0,0,4,2,13,0,64,40,65,14,57,5,4,0,271,0,3,3,3,7,2,28,38,11,52,22,21,4,17,3,17,6,14,5,8,0,7,0,0,67800
31,145,835894,31145,Red Willow,Red Willow County,6,H1,G4020,,,,05000US31145,31145,50,31,"Red Willow County, Nebraska",145,11069,5401,318,387,303,213,194,127,26,198,299,257,201,363,449,504,387,131,158,99,154,202,116,166,149,5668,387,169,469,263,171,31,39,268,296,293,303,278,456,430,395,68,167,86,186,240,200,227,246,42.9,42.8,43,11069,10696,44,29,37,0,128,135,5,130,11069,10672,397,4658,3027,2545,482,101,381,1631,1415,216,41927,54817,21246,5294,4658,636,430,7506,3635,0,0,12,70,66,32,94,49,1287,264,536,327,655,116,98,29,3871,24,0,9,54,51,56,70,33,1342,363,640,504,501,169,55,0,3243,112,174,57,133,65,30,83,189,252,278,342,314,225,348,226,145,93,64,67,29,6,0,0,11,77300
31,75,835859,31075,Grant,Grant County,6,H1,G4020,,,,05000US31075,31075,50,31,"Grant County, Nebraska",75,661,366,18,9,28,18,3,7,2,30,15,21,15,12,55,36,16,6,12,9,12,13,5,11,13,295,14,21,17,9,0,0,6,11,14,8,10,11,63,23,27,4,13,4,9,21,5,4,1,46.6,45.4,47.6,661,659,0,0,0,0,0,2,0,2,661,652,9,293,207,175,32,18,14,86,82,4,39261,45341,20518,403,293,110,0,468,251,0,0,0,6,7,0,3,0,135,31,14,18,32,3,2,0,217,0,0,0,2,0,2,3,0,95,19,39,13,31,13,0,0,184,13,1,19,15,11,11,18,36,10,8,4,6,2,4,0,5,0,7,7,0,2,3,0,2,41100
31,53,835848,31053,Dodge,Dodge County,6,H1,G4020,420,23340,,05000US31053,31053,50,31,"Dodge County, Nebraska",53,36621,17800,1242,1147,1284,744,456,285,163,681,1117,1048,931,1204,1292,1334,1105,383,583,394,326,697,715,291,378,18821,1180,1153,1187,789,501,240,223,660,1077,1049,1088,1071,1395,1231,1084,385,668,323,588,720,790,678,741,40.1,39.1,41.1,36621,34629,181,153,203,0,1019,436,47,389,36621,33435,3186,14994,9896,7692,2204,524,1680,5098,4393,705,42849,53353,22049,16479,14994,1485,1099,24686,11798,79,35,91,321,362,411,495,295,4540,853,1326,987,1403,313,183,104,12888,49,65,54,367,280,287,382,188,4811,1266,1976,900,1556,577,80,50,10005,264,209,62,135,61,92,150,251,314,496,576,651,918,1959,1354,881,512,487,236,242,76,51,16,12,110500
31,29,835836,31029,Chase,Chase County,6,H1,G4020,,,,05000US31029,31029,50,31,"Chase County, Nebraska",29,3927,1952,126,86,157,108,52,11,0,86,80,83,45,188,138,195,159,28,67,14,40,113,30,93,53,1975,132,96,166,56,13,25,0,67,119,23,120,144,142,176,140,41,43,42,55,95,89,84,107,44.8,43.7,47.2,3927,3768,0,10,0,0,88,61,42,19,3927,3563,364,1710,1155,943,212,61,151,555,468,87,38314,49152,22730,1951,1710,241,69,2746,1326,0,0,17,58,21,20,47,5,595,84,128,204,90,35,22,0,1420,0,0,22,44,17,30,7,9,569,121,233,115,237,6,3,7,1297,54,35,42,65,25,13,24,87,69,91,102,162,51,131,63,82,16,100,53,11,14,0,0,7,82600
31,153,835898,31153,Sarpy,Sarpy County,6,H1,G4020,420,36540,,05000US31153,31153,50,31,"Sarpy County, Nebraska",153,152180,75656,6752,6482,5919,3697,1923,843,934,3493,5844,5505,5399,5885,5782,4819,3773,1471,1768,843,946,1647,1097,503,331,76524,6157,6374,5409,3326,1730,605,1094,3297,5986,5681,5565,6014,5968,5110,4112,1404,1922,871,1340,1648,1249,909,753,32.7,31.6,33.8,152180,135136,6003,491,2934,227,2901,4488,696,3792,152180,141838,10342,56512,41869,34419,7450,2177,5273,14643,12270,2373,68280,79350,29212,59687,56512,3175,886,94145,45613,171,125,280,251,255,407,632,432,9185,3781,8284,4250,11433,4976,747,404,48532,263,114,200,418,109,607,358,446,12778,4280,8207,4342,11443,3935,738,294,40915,234,228,91,106,52,81,52,126,241,239,304,780,1088,5597,9072,6289,3758,5905,2835,2522,752,405,86,72,158600
31,157,835900,31157,Scotts Bluff,Scotts Bluff County,6,H1,G4020,,42420,,05000US31157,31157,50,31,"Scotts Bluff County, Nebraska",157,36569,17553,1347,1271,1261,811,503,157,172,713,1047,1031,944,1059,1251,1268,1177,422,562,345,387,606,494,435,290,19016,1265,1186,1264,763,497,193,189,718,1180,1079,918,1179,1287,1424,1196,393,723,281,503,806,797,618,557,39,37.2,40.9,36569,32799,179,586,223,15,1857,910,345,565,36569,29212,7357,14902,9792,7179,2613,659,1954,5110,4395,715,39004,51779,21212,16430,14902,1528,1072,24259,11318,52,100,171,400,216,278,304,239,3860,1061,1491,935,1488,395,297,31,12941,33,73,95,212,261,336,423,187,3989,1192,2211,1414,1889,446,168,12,9754,227,167,156,136,147,229,142,397,453,671,706,890,945,1138,916,930,439,525,159,212,51,49,33,36,95900
31,177,835910,31177,Washington,Washington County,6,H1,G4020,420,36540,,05000US31177,31177,50,31,"Washington County, Nebraska",177,20148,9986,679,754,751,518,368,142,147,297,446,513,575,668,857,767,771,175,375,232,221,222,243,214,51,10162,668,530,830,509,355,125,88,207,487,517,510,825,886,791,602,276,413,199,282,251,325,226,260,40.2,38.8,41.6,20148,19630,91,9,88,9,35,286,103,183,20148,19755,393,7431,5266,4714,552,155,397,2165,1811,354,61940,77628,27884,8225,7431,794,731,13180,6330,26,0,10,53,41,96,78,112,2266,414,847,587,1317,281,154,48,6850,14,6,0,50,27,82,132,119,2193,669,945,582,1583,315,118,15,6055,48,6,31,67,14,44,21,11,70,68,102,226,171,747,965,634,660,868,408,365,234,184,41,70,167200
31,77,835860,31077,Greeley,Greeley County,6,H1,G4020,,,,05000US31077,31077,50,31,"Greeley County, Nebraska",77,2542,1283,91,74,129,68,31,0,8,38,59,75,52,80,57,85,86,20,36,41,33,86,42,68,24,1259,48,111,87,49,7,3,2,31,75,79,47,71,58,94,94,23,27,37,31,58,93,58,76,42.3,40.5,47.1,2542,2523,6,0,0,0,0,13,0,13,2542,2538,4,965,660,534,126,32,94,305,294,11,41181,53500,19235,1197,965,232,129,1765,844,0,0,0,59,13,4,3,16,460,57,90,47,60,17,15,3,921,1,0,0,29,8,8,21,9,367,66,143,144,78,28,16,3,798,63,38,15,45,104,41,22,55,76,72,50,38,15,84,18,6,6,17,5,3,2,7,12,4,52100
31,181,835912,31181,Webster,Webster County,6,H1,G4020,,,,05000US31181,31181,50,31,"Webster County, Nebraska",181,3815,1795,45,104,141,86,41,18,24,25,63,66,104,82,164,168,132,54,91,48,64,94,43,86,52,2020,150,128,132,81,27,2,12,56,63,82,107,93,154,154,110,54,82,18,58,95,71,92,199,47.4,48.1,46.8,3815,3656,44,11,39,20,0,45,5,40,3815,3775,40,1478,967,855,112,48,64,511,452,59,38015,45871,18906,1817,1478,339,505,2743,1311,9,29,0,23,16,27,44,44,606,71,141,148,82,34,16,21,1432,23,2,2,66,12,15,36,11,555,148,237,130,150,39,6,0,1119,40,77,55,44,54,60,51,90,102,71,90,66,44,94,57,47,8,36,20,10,3,0,0,0,58700
31,55,835849,31055,Douglas,Douglas County,6,H1,G4020,420,36540,,05000US31055,31055,50,31,"Douglas County, Nebraska",55,505545,248260,20026,18880,17244,10897,6975,3480,3805,11540,20924,18363,17226,17284,17882,16549,14124,5170,5670,3258,3696,5515,4458,3018,2276,257285,19260,18035,17276,10323,6916,3842,3738,12006,20609,17955,17049,16684,18123,17430,15484,5386,5988,3775,4601,6481,5278,5460,5586,33.6,32.7,34.6,505545,397810,56736,2593,11875,462,21005,15064,1649,13415,505545,452707,52838,198410,123927,91498,32429,8557,23872,74483,60203,14280,51878,67666,28092,215656,198410,17246,10640,321302,155413,976,1095,2264,2734,1933,2350,2808,2560,35768,10357,25869,9937,37198,11360,5262,2942,165889,928,635,1908,2483,1960,2246,2772,2413,40558,11640,28501,11714,39195,13918,3362,1656,127698,741,1001,858,574,486,619,862,1630,2246,2952,4074,5228,6928,20300,23449,15105,8976,11721,7243,6189,2585,2457,861,613,141400
31,25,835834,31025,Cass,Cass County,6,H1,G4020,420,36540,,05000US31025,31025,50,31,"Cass County, Nebraska",25,25246,12598,846,999,972,595,294,131,137,279,646,698,717,1037,1068,967,875,496,346,201,261,435,284,175,139,12648,732,811,964,588,282,48,51,392,636,778,764,999,1045,1040,852,416,356,248,261,413,365,281,326,40.7,39.9,41.1,25246,24656,63,35,98,0,89,305,8,297,25246,24677,569,9610,6973,6052,921,445,476,2637,2257,380,62039,72273,27584,11072,9610,1462,180,17125,8345,12,17,12,146,61,90,92,119,2702,545,1715,889,1319,424,141,61,8780,12,7,2,99,74,107,106,114,2953,885,1489,860,1446,493,87,46,7941,97,51,69,70,91,23,41,66,107,182,320,456,553,1198,908,698,523,907,638,642,167,90,28,16,142800
31,31,835837,31031,Cherry,Cherry County,6,H1,G4020,,,,05000US31031,31031,50,31,"Cherry County, Nebraska",31,5783,2853,199,217,154,156,17,67,4,72,124,148,119,230,210,254,175,52,128,84,64,122,109,57,91,2930,173,174,179,108,71,35,0,79,136,134,171,206,214,234,220,33,103,88,80,149,119,99,125,43.9,43.1,45,5783,5312,4,308,29,24,3,103,7,96,5783,5717,66,2505,1628,1357,271,145,126,877,832,45,43431,51534,22601,3188,2505,683,57,4078,1967,0,9,7,68,33,19,19,108,689,119,262,142,397,86,6,3,2111,0,0,3,38,13,17,12,81,695,159,420,242,301,123,2,5,1652,54,30,26,26,63,29,33,65,106,62,89,161,156,183,168,41,97,48,40,93,11,39,11,21,95300
31,11,835828,31011,Boone,Boone County,6,H1,G4020,,,,05000US31011,31011,50,31,"Boone County, Nebraska",11,5553,2773,146,155,219,147,68,29,8,104,109,121,142,183,243,262,173,54,108,46,100,88,124,77,67,2780,160,176,173,151,27,26,9,111,105,109,152,150,205,225,137,79,128,70,70,107,138,127,145,45,43.8,46,5553,5547,0,0,2,0,0,4,4,0,5553,5535,18,2382,1579,1418,161,60,101,803,767,36,40703,51981,22790,2668,2382,286,120,3844,1897,6,7,3,52,35,20,30,10,891,130,274,194,158,52,35,0,1947,2,7,0,52,21,38,16,17,735,136,338,224,259,93,9,0,1776,75,36,46,96,95,104,44,125,155,99,117,179,75,160,91,57,60,52,29,44,37,0,0,0,71100
31,97,835870,31097,Johnson,Johnson County,6,H1,G4020,,,,05000US31097,31097,50,31,"Johnson County, Nebraska",97,5211,3012,117,171,77,81,39,16,21,114,267,289,305,205,333,276,126,103,67,58,53,108,87,58,41,2199,104,110,137,90,10,6,1,104,97,118,125,118,179,192,149,62,56,25,64,123,123,80,126,43.1,40.3,47.4,5211,4668,311,64,16,0,142,10,0,10,5211,4758,453,1980,1240,1179,61,20,41,740,648,92,42083,53578,17606,2191,1980,211,986,4013,2376,1,32,62,107,68,106,77,28,1070,115,366,136,150,41,3,14,1637,7,6,9,88,27,49,37,6,675,94,228,146,175,83,6,1,1493,11,52,29,50,46,41,52,138,105,112,173,97,90,70,174,84,20,77,44,18,5,5,0,0,76400
31,45,835844,31045,Dawes,Dawes County,6,H1,G4020,,,,05000US31045,31045,50,31,"Dawes County, Nebraska",45,9149,4483,207,127,327,222,348,128,200,311,335,208,307,141,213,285,322,104,50,77,118,158,153,67,75,4666,228,276,159,216,339,406,153,150,221,178,204,236,291,281,323,70,110,72,173,131,201,107,141,32.9,30.5,35.1,9149,8374,175,407,83,3,9,98,10,88,9149,8849,300,3594,1980,1596,384,90,294,1614,1347,267,34937,50313,18573,4230,3594,636,1106,5352,2613,8,0,0,32,64,23,36,49,654,337,407,122,627,79,57,118,2739,12,9,0,50,23,57,61,37,538,271,367,243,660,320,48,43,2273,128,28,43,22,61,34,24,134,109,104,219,202,161,199,192,223,48,118,74,56,34,31,20,9,91800
31,63,835853,31063,Frontier,Frontier County,6,H1,G4020,,,,05000US31063,31063,50,31,"Frontier County, Nebraska",63,2808,1426,96,92,89,60,28,45,10,63,78,55,65,78,102,122,97,45,58,34,45,49,63,45,7,1382,66,72,92,56,29,11,47,72,68,49,61,84,106,100,79,42,60,17,61,61,81,34,34,43,42.2,44.4,2808,2717,0,1,0,0,3,87,0,87,2808,2754,54,1156,769,672,97,31,66,387,327,60,42009,53494,22374,1575,1156,419,1,1880,943,1,0,0,12,0,3,25,14,353,63,136,138,143,46,7,2,937,0,0,0,14,13,5,23,13,309,106,154,125,123,50,2,0,874,13,14,10,42,31,19,45,108,46,82,76,61,47,101,64,38,12,34,9,7,3,10,0,2,73600
31,129,835886,31129,Nuckolls,Nuckolls County,6,H1,G4020,,,,05000US31129,31129,50,31,"Nuckolls County, Nebraska",129,4583,2236,113,140,152,79,49,7,22,59,84,99,141,107,185,180,151,51,96,74,71,96,107,88,85,2347,139,103,164,106,74,6,8,19,82,102,137,79,173,185,190,55,70,98,67,118,109,99,164,48.6,46.6,49.7,4583,4441,45,0,6,0,0,91,0,91,4583,4571,12,2060,1356,1135,221,68,153,704,650,54,31761,41667,20299,2488,2060,428,10,3343,1615,6,0,5,53,40,39,20,7,738,61,314,130,148,21,30,3,1728,11,0,5,38,7,51,36,1,842,181,233,110,168,29,7,9,1641,138,73,89,96,68,93,18,169,183,57,124,93,120,117,78,39,25,28,0,29,0,4,0,0,54200
31,99,835871,31099,Kearney,Kearney County,6,H1,G4020,,28260,,05000US31099,31099,50,31,"Kearney County, Nebraska",99,6552,3241,209,217,234,160,46,10,7,150,157,183,209,213,258,271,236,88,107,99,54,95,83,101,54,3311,195,194,217,156,100,3,51,60,157,166,197,217,227,289,255,90,70,76,106,111,198,88,88,42.5,41.3,43.9,6552,6382,14,2,50,0,56,48,17,31,6552,6356,196,2630,1909,1607,302,97,205,721,607,114,54518,62718,27227,2888,2630,258,21,4543,2208,17,0,2,26,40,24,33,39,804,121,375,187,347,131,51,11,2335,14,0,0,19,43,9,51,13,678,226,476,208,466,85,38,9,2087,52,10,4,13,50,61,23,73,108,119,158,157,201,322,212,126,80,108,111,63,24,0,0,12,101100
31,51,835847,31051,Dixon,Dixon County,6,H1,G4020,512,43580,,05000US31051,31051,50,31,"Dixon County, Nebraska",51,6000,2968,195,255,214,147,57,17,14,96,169,152,200,161,217,249,226,77,84,71,60,95,64,71,77,3032,204,206,234,167,53,6,26,87,150,186,161,172,206,212,180,69,106,48,83,119,103,147,107,40.1,39.1,41.2,6000,5808,16,54,0,0,78,44,0,44,6000,5453,547,2389,1700,1427,273,78,195,689,594,95,42388,48517,20478,2691,2389,302,102,4022,1973,28,50,67,61,20,46,34,20,891,114,285,165,156,22,8,6,2049,8,16,19,59,42,47,40,16,765,135,361,211,220,93,15,2,1841,23,26,31,49,42,46,72,172,178,185,186,193,117,178,73,81,21,46,37,37,9,18,21,0,75200
31,93,835868,31093,Howard,Howard County,6,H1,G4020,,24260,,05000US31093,31093,50,31,"Howard County, Nebraska",93,6302,3213,225,148,315,154,80,19,35,75,138,182,191,209,250,243,193,65,151,83,47,150,105,75,80,3089,180,159,236,146,81,4,31,64,139,169,163,235,241,214,246,84,75,48,57,184,100,128,105,42.6,40.7,44.2,6302,6211,26,15,18,0,3,29,4,25,6302,6198,104,2681,1865,1626,239,64,175,816,761,55,45453,56406,22325,2955,2681,274,10,4350,2162,10,0,3,117,24,38,36,30,986,140,355,177,174,45,23,4,2188,7,0,4,48,3,24,20,30,848,252,411,184,248,75,15,19,2099,71,35,38,22,32,37,56,109,172,103,212,174,158,239,106,230,112,71,52,46,19,5,0,0,89300
31,103,835873,31103,Keya Paha,Keya Paha County,6,H1,G4020,,,,05000US31103,31103,50,31,"Keya Paha County, Nebraska",103,740,336,12,18,7,19,6,0,0,7,20,13,8,16,27,29,21,22,14,13,17,34,20,10,3,404,32,26,6,13,7,0,0,1,15,24,6,8,31,30,25,27,11,7,21,56,18,13,27,53.9,53,55.3,740,736,0,0,0,0,0,4,0,4,740,725,15,346,227,212,15,4,11,119,115,4,32000,40156,20691,550,346,204,0,586,267,0,0,7,2,0,0,12,2,140,22,14,38,26,4,0,0,319,0,0,0,16,3,7,0,4,116,35,58,28,39,6,7,0,290,21,14,18,16,10,10,4,40,16,8,15,11,0,21,0,17,8,20,9,0,15,9,0,8,57500
31,113,835878,31113,Logan,Logan County,6,H1,G4020,,35820,,05000US31113,31113,50,31,"Logan County, Nebraska",113,682,327,19,4,24,0,0,1,7,28,4,52,14,7,33,39,28,9,6,6,6,10,10,5,15,355,26,51,12,6,1,0,0,8,15,15,25,20,30,36,36,9,5,5,17,8,5,7,18,45.1,45.9,44.5,682,655,0,15,0,0,0,12,0,12,682,682,0,320,219,205,14,0,14,101,71,30,45192,47344,22320,414,320,94,0,495,244,0,0,0,0,3,0,0,0,131,29,37,4,37,0,3,0,251,0,0,0,0,2,5,5,0,78,40,54,14,50,3,0,0,218,0,0,3,0,18,4,0,26,32,22,18,6,6,24,8,22,5,5,10,0,0,3,0,6,72200
31,27,835835,31027,Cedar,Cedar County,6,H1,G4020,,,,05000US31027,31027,50,31,"Cedar County, Nebraska",27,8906,4495,324,369,277,245,114,41,58,118,184,202,190,293,350,379,292,131,140,94,91,172,161,154,116,4411,259,316,296,251,96,45,20,77,173,198,278,217,353,348,273,64,132,80,107,205,210,212,201,43.3,42,44.6,8906,8820,2,13,21,6,6,38,0,38,8906,8803,103,3419,2266,2054,212,83,129,1153,1062,91,40497,52572,20595,4175,3419,756,164,6000,2949,3,11,14,184,30,46,32,25,1376,197,320,338,220,116,21,16,3051,27,8,0,145,24,41,15,27,1300,182,479,268,447,80,5,3,2769,55,46,64,52,62,71,77,132,308,194,194,252,135,413,192,174,101,108,63,24,20,32,0,0,85100
31,115,835879,31115,Loup,Loup County,6,H1,G4020,,,,05000US31115,31115,50,31,"Loup County, Nebraska",115,635,340,23,18,22,32,7,6,4,0,13,0,16,14,35,54,16,9,10,2,7,11,7,20,14,295,11,4,11,22,22,6,0,16,0,5,14,23,22,36,19,10,11,0,5,22,4,15,17,47,46.6,48.4,635,609,0,6,0,0,20,0,0,0,635,615,20,242,170,154,16,11,5,72,69,3,34219,43750,20004,391,242,149,0,431,228,0,0,0,13,0,0,10,2,139,9,29,3,15,8,0,0,203,0,0,0,0,0,2,4,1,82,27,39,28,15,3,2,0,206,4,29,5,3,9,4,20,5,27,6,3,23,0,5,13,7,14,16,0,10,0,0,3,0,58900
31,143,835893,31143,Polk,Polk County,6,H1,G4020,,,,05000US31143,31143,50,31,"Polk County, Nebraska",143,5412,2664,150,165,211,130,40,37,14,56,124,135,119,203,206,216,185,113,94,71,50,106,99,61,79,2748,151,162,223,122,51,13,16,46,106,137,130,185,215,214,213,87,73,43,66,134,126,105,130,44.7,43.8,45.8,5412,5280,0,13,11,0,36,72,0,72,5412,5289,123,2230,1618,1382,236,72,164,612,568,44,48444,56306,23831,2739,2230,509,0,3825,1861,8,0,0,34,10,62,25,32,853,97,211,219,214,68,24,4,1964,0,0,0,20,0,31,22,29,703,189,407,256,220,84,3,0,1674,0,28,12,41,35,48,51,97,138,116,179,143,128,220,153,115,37,92,18,2,3,6,12,0,86400
31,9,835827,31009,Blaine,Blaine County,6,H1,G4020,,,,05000US31009,31009,50,31,"Blaine County, Nebraska",9,539,286,15,20,11,13,2,0,0,11,16,12,14,13,29,19,18,7,16,2,22,32,8,1,5,253,21,2,6,9,0,0,0,15,21,8,1,13,28,20,36,5,16,0,20,22,6,2,2,48.4,45.9,50.6,539,504,0,0,0,0,0,35,0,35,539,539,0,242,197,178,19,12,7,45,38,7,39000,41719,20586,337,242,95,0,414,214,0,0,0,5,0,1,0,0,124,7,19,38,20,0,0,0,200,0,0,0,0,0,0,8,4,63,26,24,13,49,13,0,0,158,7,8,2,9,3,0,2,29,25,4,18,0,21,3,0,0,0,5,16,0,0,0,0,6,57600
31,105,835874,31105,Kimball,Kimball County,6,H1,G4020,,,,05000US31105,31105,50,31,"Kimball County, Nebraska",105,3814,1906,100,185,101,100,57,22,12,29,76,102,79,113,123,184,158,65,42,24,104,73,85,49,23,1908,111,87,112,75,26,0,6,77,96,78,64,140,152,142,141,42,67,63,108,69,95,70,87,45.7,44.2,47,3814,3623,0,69,16,0,60,46,0,46,3814,3620,194,1662,1067,900,167,77,90,595,570,25,42010,51732,22263,1966,1662,304,10,2714,1300,5,0,0,39,0,56,30,0,459,154,193,96,172,72,24,0,1414,10,0,0,55,30,41,34,36,521,123,234,61,171,77,17,4,1177,27,25,13,37,27,53,17,109,133,78,102,128,42,52,71,96,15,71,15,15,15,17,0,19,76800
31,73,835858,31073,Gosper,Gosper County,6,H1,G4020,,30420,,05000US31073,31073,50,31,"Gosper County, Nebraska",73,2058,1047,45,83,52,39,23,3,8,38,61,33,39,120,75,83,69,32,40,17,49,60,15,36,27,1011,53,75,63,28,1,0,0,41,44,44,38,81,75,57,76,41,40,25,23,69,42,47,48,45.4,44.3,47,2058,1979,12,1,0,0,54,12,0,12,2058,1983,75,801,573,494,79,30,49,228,200,28,41442,52292,23132,1228,801,427,55,1506,756,5,0,0,15,0,10,9,7,319,85,104,68,100,9,20,5,750,3,0,0,20,0,11,2,3,295,54,171,78,88,25,0,0,615,14,11,11,0,7,0,17,33,34,67,35,57,44,108,44,23,12,44,19,12,4,12,0,7,94900
31,83,835863,31083,Harlan,Harlan County,6,H1,G4020,,,,05000US31083,31083,50,31,"Harlan County, Nebraska",83,3460,1716,91,58,117,78,34,15,15,23,64,34,123,112,138,153,178,28,62,23,59,122,103,49,37,1744,91,76,160,89,30,4,6,20,86,68,94,86,149,132,150,47,44,29,52,126,96,53,56,48,48.8,47.6,3460,3409,0,24,0,0,19,8,5,3,3460,3416,44,1547,1023,910,113,59,54,524,481,43,44656,53073,25050,2386,1547,839,10,2553,1285,10,0,0,24,6,46,31,10,486,114,214,147,132,41,21,3,1268,0,0,4,11,10,26,38,23,468,128,185,140,185,31,19,0,1271,36,42,51,57,40,46,52,129,71,113,92,78,84,110,26,38,86,51,42,21,6,0,0,0,69900
31,137,835890,31137,Phelps,Phelps County,6,H1,G4020,,,,05000US31137,31137,50,31,"Phelps County, Nebraska",137,9234,4668,284,320,304,198,122,52,93,123,256,234,374,272,388,350,397,123,44,75,83,201,174,121,80,4566,233,294,301,189,79,68,4,125,185,222,317,266,349,333,383,70,134,118,118,215,205,192,166,42,39.8,45,9234,8950,32,18,3,28,191,12,0,12,9234,8825,409,3832,2498,2201,297,60,237,1334,1156,178,45221,61413,23951,4193,3832,361,318,6445,3172,9,0,0,50,27,30,103,70,1053,329,491,306,495,176,9,24,3273,0,0,0,13,5,95,45,51,1071,261,574,402,632,113,11,0,2859,100,7,15,31,23,60,75,226,249,228,266,146,207,330,309,181,90,150,84,47,22,13,0,0,90200
31,81,835862,31081,Hamilton,Hamilton County,6,H1,G4020,,,,05000US31081,31081,50,31,"Hamilton County, Nebraska",81,9160,4540,263,337,375,232,106,71,35,90,205,223,292,311,389,363,320,166,92,60,145,145,141,89,90,4620,282,273,399,240,63,2,102,72,197,246,221,345,360,389,307,114,160,96,81,214,142,201,114,41.7,40.5,43.2,9160,9055,12,4,11,0,11,67,28,39,9160,8995,165,3464,2523,2205,318,50,268,941,846,95,50702,57397,23240,3948,3464,484,10,6218,3031,2,0,0,65,4,10,55,15,1206,205,539,273,490,84,70,13,3187,13,0,3,56,12,51,46,23,1061,364,507,355,529,154,13,0,2667,50,3,18,34,77,36,31,85,89,105,114,244,285,474,258,131,187,285,98,26,25,12,0,0,108600
31,23,835833,31023,Butler,Butler County,6,H1,G4020,,,,05000US31023,31023,50,31,"Butler County, Nebraska",23,8382,4207,225,317,325,193,95,7,59,106,197,222,168,329,380,343,295,76,174,91,98,146,191,100,70,4175,240,297,288,199,78,42,34,86,168,213,173,306,345,301,315,73,149,88,114,166,195,113,192,44,42.5,44.6,8382,8236,37,0,0,0,89,20,11,9,8382,8199,183,3451,2262,1920,342,97,245,1189,1037,152,44595,58438,22494,4082,3451,631,66,5791,2880,8,29,0,92,15,47,75,44,1214,260,326,337,299,69,55,10,2911,2,10,2,87,38,41,0,17,1136,348,402,353,358,104,13,0,2598,66,24,32,41,65,68,87,209,115,174,228,243,102,380,228,213,65,94,109,22,11,22,0,0,87800
31,107,835875,31107,Knox,Knox County,6,H1,G4020,,,,05000US31107,31107,50,31,"Knox County, Nebraska",107,8762,4284,256,295,309,187,94,19,42,100,186,198,249,233,368,361,238,149,179,101,142,164,176,140,98,4478,245,265,352,188,95,27,31,55,134,216,241,234,314,338,292,122,163,123,99,239,209,270,226,45.8,44.5,47.9,8762,7867,62,673,14,0,71,75,3,72,8762,8618,144,3847,2501,2157,344,130,214,1346,1206,140,36798,49957,19894,4809,3847,962,107,6202,2982,20,30,4,127,25,112,79,36,1265,183,335,262,343,92,61,8,3220,33,0,0,140,29,27,54,17,1202,295,515,328,422,140,16,2,2900,128,96,47,110,162,151,117,285,218,195,189,162,137,329,126,82,11,81,97,77,35,36,6,23,67000
31,127,835885,31127,Nemaha,Nemaha County,6,H1,G4020,,,,05000US31127,31127,50,31,"Nemaha County, Nebraska",127,7249,3531,218,179,211,157,181,57,141,134,180,161,88,278,261,273,205,176,106,50,98,116,109,68,84,3718,197,233,198,144,203,19,71,188,171,172,83,306,263,269,223,108,121,97,73,137,104,128,210,41.7,40.7,42.4,7249,7064,63,37,8,0,40,37,0,37,7249,7135,114,3024,1906,1614,292,91,201,1118,908,210,42534,55385,22151,3504,3024,480,661,4718,2253,59,0,8,42,44,64,39,21,780,162,366,123,423,72,10,40,2465,32,0,16,66,14,29,6,49,853,210,428,221,355,178,0,8,2154,34,65,30,37,39,78,92,174,167,175,227,159,148,201,136,120,61,99,56,45,9,0,2,0,78200
31,123,835883,31123,Morrill,Morrill County,6,H1,G4020,,,,05000US31123,31123,50,31,"Morrill County, Nebraska",123,5071,2582,188,185,163,98,62,18,55,92,99,137,105,166,200,230,179,52,103,52,65,122,143,35,33,2489,138,179,167,115,42,0,36,81,120,129,141,118,225,209,120,59,86,56,91,121,97,82,77,43.3,42.9,44.3,5071,4832,0,19,30,13,87,90,31,59,5071,4423,648,2136,1463,1203,260,78,182,673,601,72,37717,46703,21367,2465,2136,329,10,3452,1721,11,16,16,60,33,58,43,19,677,132,219,62,243,63,43,26,1731,0,8,12,45,38,84,21,17,587,104,294,171,304,44,2,0,1447,47,17,82,36,43,31,65,119,92,103,90,102,77,154,157,115,32,17,20,29,0,19,0,0,79800
31,79,835861,31079,Hall,Hall County,6,H1,G4020,,24260,,05000US31079,31079,50,31,"Hall County, Nebraska",79,56899,28220,2385,2301,1962,1248,723,331,273,1119,1999,1886,1951,1679,1990,1982,1615,648,829,411,569,783,664,529,343,28679,2387,2314,1687,1216,678,259,431,1043,1825,1814,1782,1716,2090,2015,1751,716,718,361,512,987,741,816,820,35.7,34.7,37,56899,51133,1038,392,600,0,3167,569,40,529,56899,44855,12044,21878,14831,11095,3736,901,2835,7047,5853,1194,46138,54447,22552,23229,21878,1351,776,36542,17878,283,221,601,437,486,488,501,354,6151,1296,2918,1266,1844,566,343,123,18664,330,160,394,597,405,342,407,345,5992,1551,3110,1944,2190,659,179,59,14633,308,157,117,67,52,131,78,349,549,898,1189,1128,1532,2466,1709,1335,789,910,398,195,106,108,40,22,107700
31,175,835909,31175,Valley,Valley County,6,H1,G4020,,,,05000US31175,31175,50,31,"Valley County, Nebraska",175,4284,2075,115,158,102,71,25,5,21,87,110,101,99,135,117,140,132,78,116,67,78,101,75,82,60,2209,124,113,153,96,19,19,7,84,75,94,93,121,151,122,176,62,92,40,75,109,124,128,132,47,45.2,48.8,4284,4250,0,2,0,0,17,15,7,8,4284,4215,69,1913,1252,1118,134,43,91,661,625,36,38588,49417,21058,2336,1913,423,48,3085,1491,15,0,11,51,6,17,10,12,666,113,259,121,177,9,11,13,1594,16,0,4,66,10,22,18,15,658,88,309,70,231,79,8,0,1480,31,49,48,64,62,74,75,91,141,74,108,44,136,153,67,48,14,40,76,49,0,36,0,0,72900
31,119,835880,31119,Madison,Madison County,6,H1,G4020,,35740,,05000US31119,31119,50,31,"Madison County, Nebraska",119,34720,17058,1307,1177,1154,772,560,345,194,819,1169,995,900,1065,1322,1308,979,418,473,165,367,513,450,316,290,17662,1299,1204,1104,770,609,378,230,623,1104,948,877,949,1267,1385,1159,360,480,247,446,481,682,477,583,36.8,35.2,38.3,34720,32188,457,691,189,36,656,503,15,488,34720,30494,4226,13663,8618,7255,1363,442,921,5045,4414,631,44089,57819,22157,14987,13663,1324,1524,22175,10730,181,88,217,466,225,220,246,175,3290,700,1282,1435,1623,284,266,32,11445,53,41,132,432,258,108,114,134,3318,1361,1860,1395,1596,568,60,15,9282,109,135,80,73,182,102,184,327,508,724,672,815,706,1318,966,649,385,567,329,249,118,73,0,11,100500
31,61,835852,31061,Franklin,Franklin County,6,H1,G4020,,,,05000US31061,31061,50,31,"Franklin County, Nebraska",61,3229,1629,111,97,79,63,47,17,4,31,71,82,67,97,148,129,144,38,51,19,65,81,84,42,62,1600,69,88,117,63,20,7,7,53,61,72,81,78,129,116,114,46,51,25,59,96,70,70,108,47.9,46.6,48.4,3229,3178,0,27,7,6,3,8,8,0,3229,3206,23,1385,890,792,98,29,69,495,432,63,37220,47604,19764,1735,1385,350,118,2356,1180,0,3,4,39,29,47,21,21,426,78,223,110,114,29,36,0,1176,7,0,3,39,9,16,19,20,412,150,190,106,157,18,27,3,1113,79,40,42,106,69,66,57,94,100,97,87,75,19,72,16,14,6,40,21,0,5,4,0,4,50400
31,125,835884,31125,Nance,Nance County,6,H1,G4020,,,,05000US31125,31125,50,31,"Nance County, Nebraska",125,3755,1888,113,140,119,85,26,26,16,63,89,97,107,92,168,170,105,105,48,36,37,66,72,79,29,1867,109,85,149,83,40,6,9,66,82,90,78,125,145,138,149,78,22,34,63,80,88,70,78,44.7,43.1,45.3,3755,3681,26,3,0,0,25,20,3,17,3755,3683,72,1528,1014,863,151,52,99,514,463,51,41610,52083,21457,1791,1528,263,206,2620,1300,13,0,14,91,3,20,38,23,524,108,219,101,109,22,6,9,1320,9,0,11,58,16,16,51,25,486,144,202,144,127,31,0,0,1161,56,49,28,45,68,61,34,135,103,79,82,30,39,79,41,68,36,57,67,4,0,0,0,0,60200
31,85,835864,31085,Hayes,Hayes County,6,H1,G4020,,,,05000US31085,31085,50,31,"Hayes County, Nebraska",85,1025,532,37,38,32,17,0,7,6,24,40,7,12,22,61,47,41,19,16,16,18,34,14,13,11,493,45,16,24,28,12,0,7,5,46,12,15,29,33,33,49,17,29,11,14,18,17,16,17,46.4,46.9,46.2,1025,975,0,0,8,0,14,28,0,28,1025,983,42,440,312,291,21,15,6,128,118,10,45595,50000,21977,533,440,93,0,727,371,0,0,0,13,0,0,2,5,138,34,50,68,55,3,3,0,356,0,0,0,34,2,25,4,13,89,22,61,46,47,9,4,0,309,4,8,21,0,25,10,25,14,25,5,8,21,10,36,20,41,0,0,10,6,10,3,0,7,84500
31,67,835855,31067,Gage,Gage County,6,H1,G4020,,13100,,05000US31067,31067,50,31,"Gage County, Nebraska",67,22591,11049,744,663,806,485,260,263,106,295,547,585,543,787,923,865,790,296,268,167,284,462,400,261,249,11542,700,611,816,450,245,143,95,311,541,618,730,605,887,882,740,273,365,194,350,566,413,393,614,42.8,41.8,44.3,22591,22058,35,52,110,7,39,290,13,277,22591,22208,383,9219,6060,5011,1049,311,738,3159,2802,357,43311,53983,21619,10456,9219,1237,302,15598,7427,31,0,0,214,82,112,178,148,2978,569,1032,726,863,332,102,60,8171,82,3,11,331,55,87,102,110,3084,684,1174,832,1225,328,53,10,6703,94,98,84,133,142,148,132,283,373,543,430,565,420,820,536,611,297,435,269,204,32,35,8,11,97800
31,185,835914,31185,York,York County,6,H1,G4020,,,,05000US31185,31185,50,31,"York County, Nebraska",185,13886,6656,397,463,408,316,202,60,67,336,349,343,462,299,495,558,454,166,234,138,163,234,192,141,179,7230,437,384,442,312,194,56,28,342,367,386,498,398,522,551,422,129,304,164,148,323,274,312,237,40.6,39.4,41.8,13886,13251,121,67,58,34,185,170,0,170,13886,13382,504,5771,3860,3322,538,149,389,1911,1640,271,47689,59091,25412,6214,5771,443,782,9442,4407,9,0,23,169,69,20,79,85,1452,344,634,442,708,207,112,54,5035,8,0,36,119,51,76,126,18,1956,363,816,516,691,183,57,19,4397,113,36,39,113,73,112,53,271,271,450,250,347,309,599,348,332,101,308,125,82,20,28,0,17,92300
31,117,835881,31117,McPherson,McPherson County,6,H1,G4020,,35820,,05000US31117,31117,50,31,"McPherson County, Nebraska",117,489,252,15,22,17,22,0,0,12,1,20,13,22,25,9,22,9,5,0,0,7,14,1,4,12,237,6,18,20,10,1,0,0,0,35,18,14,11,32,15,10,8,1,3,3,16,2,7,7,36.6,35.6,38.5,489,477,0,0,0,0,0,12,0,12,489,489,0,204,166,139,27,12,15,38,26,12,50625,60000,21000,256,204,52,0,345,163,0,0,0,16,0,2,0,0,36,15,39,11,38,0,6,0,182,0,0,0,0,25,0,3,0,38,15,45,16,35,3,2,0,120,3,0,3,2,4,2,4,8,12,15,16,12,0,3,14,5,1,10,0,6,0,0,0,0,74400
31,135,835889,31135,Perkins,Perkins County,6,H1,G4020,,,,05000US31135,31135,50,31,"Perkins County, Nebraska",135,2983,1543,85,143,137,68,34,11,19,46,70,57,82,105,112,128,143,33,33,21,45,43,61,34,33,1440,83,106,66,51,33,27,3,27,60,78,79,102,98,121,88,24,40,32,45,77,43,70,87,42.6,41.2,45.3,2983,2955,0,3,0,1,17,7,0,7,2983,2887,96,1240,840,730,110,34,76,400,340,60,47000,58750,23542,1414,1240,174,62,2044,1000,0,0,4,11,7,57,8,2,282,63,229,122,161,40,14,0,1044,0,0,0,48,5,12,6,5,316,39,298,154,119,32,10,0,909,35,3,28,8,31,24,24,73,74,90,91,103,41,90,37,68,3,50,12,16,0,0,0,8,77100
31,149,835896,31149,Rock,Rock County,6,H1,G4020,,,,05000US31149,31149,50,31,"Rock County, Nebraska",149,1651,806,47,32,49,27,9,0,0,14,19,46,62,17,94,106,91,16,34,27,19,26,30,20,21,845,22,48,85,26,15,22,6,3,33,37,30,65,63,83,80,25,27,17,23,40,20,37,38,48.7,49.4,47.5,1651,1651,0,0,0,0,0,0,0,0,1651,1632,19,713,467,423,44,26,18,246,239,7,39159,46806,23871,970,713,257,10,1246,628,0,0,0,23,5,5,11,9,240,66,68,57,122,13,8,1,618,0,0,0,30,7,5,4,0,237,46,109,34,131,11,2,2,607,53,38,26,30,26,27,25,42,50,74,34,10,20,72,26,20,2,11,15,6,0,0,0,0,57300
31,109,835876,31109,Lancaster,Lancaster County,6,H1,G4020,,30700,,05000US31109,31109,50,31,"Lancaster County, Nebraska",109,279428,139932,10161,8952,8599,5081,5476,3154,3970,9482,11736,10209,8892,9008,9301,9234,8000,2593,3547,2075,1992,2763,2404,1858,1445,139496,9759,8963,7906,4952,5517,3803,3217,8447,10426,9302,8246,8375,9437,9316,8441,2837,3433,2023,2481,3560,3239,2887,2929,32.4,31.7,33.5,279428,249169,9278,1753,9790,220,3119,6099,513,5586,279428,264182,15246,111933,69373,54459,14914,4209,10705,42560,32425,10135,50849,66597,25949,119196,111933,7263,14663,171989,85057,543,267,381,767,773,689,1202,927,20814,5898,13405,9041,19925,5411,2479,2535,86932,643,246,544,907,880,1128,1086,858,20663,6911,13680,9036,21008,6622,1256,1464,69500,828,637,393,203,236,158,63,303,454,968,1733,2586,3733,12355,12392,9106,5729,7647,3764,3491,1207,969,280,265,145400
31,1,835823,31001,Adams,Adams County,6,H1,G4020,,25580,,05000US31001,31001,50,31,"Adams County, Nebraska",1,31126,15503,1156,1170,917,742,643,178,269,830,887,932,910,874,1089,1154,1102,247,445,301,255,446,371,294,291,15623,989,1062,964,585,577,231,250,654,864,819,841,904,1150,1085,932,429,481,269,356,519,668,472,522,37.5,35.2,39.9,31126,29464,161,139,460,4,513,385,34,351,31126,28879,2247,12403,8269,6865,1404,355,1049,4134,3167,967,44443,57281,23084,13407,12403,1004,1107,19909,9598,50,33,232,199,126,210,170,179,3110,944,1378,938,1216,407,293,113,10311,31,24,83,200,132,252,155,104,3294,864,1672,1254,1500,555,96,95,8734,212,59,59,164,135,143,179,310,517,549,755,912,742,1187,913,526,256,523,195,227,70,74,13,14,95000
31,89,835866,31089,Holt,Holt County,6,H1,G4020,,,,05000US31089,31089,50,31,"Holt County, Nebraska",89,10479,5154,308,231,440,251,127,48,67,99,223,239,236,359,447,437,419,144,148,121,185,153,170,183,119,5325,319,285,408,256,91,23,37,119,199,210,247,338,439,441,417,94,153,132,176,215,248,239,239,45.4,44.4,46.4,10479,10194,20,49,31,0,133,52,12,40,10479,10246,233,4244,2889,2577,312,128,184,1355,1210,145,43452,54899,22498,5245,4244,1001,430,7370,3583,21,12,12,159,28,37,161,46,1409,215,607,352,368,105,35,16,3787,6,0,43,151,59,54,52,26,1348,276,714,393,485,157,19,4,3211,140,139,93,54,93,116,100,263,183,161,211,230,219,409,219,99,66,90,64,97,87,31,15,32,82300
31,141,835892,31141,Platte,Platte County,6,H1,G4020,,18100,,05000US31141,31141,50,31,"Platte County, Nebraska",141,31675,15706,1170,978,1400,694,518,168,160,633,823,809,1031,1104,1296,1222,1141,293,379,173,331,498,338,313,234,15969,1129,998,1389,686,476,205,245,375,831,874,829,994,1235,1271,999,247,543,329,323,577,583,478,353,38.3,37,39.7,31675,30243,46,160,109,0,489,628,120,508,31675,27888,3787,12378,8432,6850,1582,454,1128,3946,3469,477,49523,59691,23358,13288,12378,910,209,20451,9985,45,59,99,308,140,107,183,162,3233,1094,1377,1218,1466,354,97,43,10466,39,11,155,288,126,138,129,111,3807,1143,1548,1070,1279,501,95,26,9129,212,103,84,32,66,90,144,214,315,428,872,809,740,1401,1132,789,365,532,383,199,101,96,10,12,108100
31,59,835851,31059,Fillmore,Fillmore County,6,H1,G4020,,,,05000US31059,31059,50,31,"Fillmore County, Nebraska",59,5953,2872,146,187,192,129,63,1,10,107,119,140,176,170,228,242,231,86,81,56,90,122,90,119,87,3081,150,139,243,234,65,11,19,39,116,131,150,183,226,213,208,61,121,89,84,145,116,136,202,45.4,44.8,45.9,5953,5743,115,33,3,0,26,33,0,33,5953,5802,151,2572,1710,1438,272,138,134,862,750,112,43167,54365,21990,2934,2572,362,367,4218,2037,6,0,13,61,22,31,40,20,830,131,320,216,256,65,24,2,2181,1,0,0,61,27,19,33,13,795,156,390,292,294,73,11,16,1988,63,86,60,65,72,45,58,179,118,174,144,156,129,201,80,69,33,71,48,55,42,26,7,7,75100
31,41,835842,31041,Custer,Custer County,6,H1,G4020,,,,05000US31041,31041,50,31,"Custer County, Nebraska",41,11001,5418,322,437,316,262,129,13,98,142,211,285,274,344,428,420,395,153,178,102,207,198,167,208,129,5583,319,416,329,256,113,64,5,107,224,273,251,353,430,417,384,139,207,101,167,291,231,250,256,44.7,43.8,46,11001,10763,7,26,0,0,53,152,21,131,11001,10809,192,4585,3222,2903,319,100,219,1363,1256,107,42364,50110,21685,5583,4585,998,359,7673,3699,36,4,0,137,45,59,47,41,1581,254,455,408,421,137,60,14,3974,42,0,0,65,43,75,85,34,1342,410,708,420,595,132,23,0,3534,80,96,124,135,215,226,58,241,286,276,199,258,202,344,146,132,88,195,71,35,32,25,26,44,71500
31,19,835831,31019,Buffalo,Buffalo County,6,H1,G4020,,28260,,05000US31019,31019,50,31,"Buffalo County, Nebraska",19,45437,22485,1649,1520,1473,988,1084,653,638,1504,1613,1396,1222,1446,1379,1451,1331,394,457,264,330,607,382,472,232,22952,1598,1448,1278,857,1040,713,648,1413,1539,1404,1142,1366,1576,1458,1260,401,642,321,363,701,429,511,844,32,30.5,33.1,45437,42396,310,42,491,0,1439,759,184,575,45437,42305,3132,17268,11000,8813,2187,689,1498,6268,4744,1524,47120,60646,22616,18857,17268,1589,2815,26933,12976,48,41,170,327,177,115,267,90,3935,926,2055,942,2649,663,248,323,13957,53,15,75,196,98,214,177,63,4117,844,2236,1142,3390,1117,111,109,11304,307,187,152,121,102,193,100,246,227,314,495,710,847,1420,1599,1321,816,1101,485,289,150,42,54,26,128600